Width,Height,Density,Mean_Actual_Density,Std_Actual_Density,d_min,Mean_Actual_d_min,Std_Actual_d_min,Maps_Accepted,Maps_Rejected,Map_Acceptance_Rate,Density_Failure_Rate,Connectivity_Failure_Rate,Gen_Time,Reachability_Rate,Path_Found_Count,Path_Failure_Count,Mean_Path_Length,P10_Path_Length,P50_Path_Length,P90_Path_Length,Mean_Tortuosity,Mean_Stretch_Ratio,P10_Tortuosity,P50_Tortuosity,P90_Tortuosity,Min_Corridor_Width,Mean_Corridor_Width,P10_Corridor_Width
20,20,0.15,0.15732850000000004,0.007874570639088838,4,5.098190263665106,0.9723617717630919,100,0,1.0,0.0,0.0,0.6656237411499023,1.0,1000,0,10.477835619999986,5.558044000000001,10.128989999999988,15.57288999999996,1.0858138334001386,1.0858138334001386,1.024991733374092,1.0714686953480603,1.146809267232748,0.4,1.433970977543798,0.4
20,20,0.15,0.15813475000000005,0.007699045310134237,8,8.662121577196832,0.5806063433273098,100,0,1.0,0.0,0.0,0.6678057551383972,1.0,1000,0,13.024883059999985,9.422361999999989,12.763899999999984,16.924079999999996,1.1235906279956123,1.1235906279956123,1.035425747106762,1.0799833548161222,1.2690414468717872,0.4,0.6718791596223309,0.4
20,20,0.15,0.15673075000000003,0.00726440969298263,6,6.724310139248637,0.7386579162984368,100,0,1.0,0.0,0.0,0.6953794932365418,1.0,1000,0,11.627993739999985,7.220293999999996,11.386679999999984,16.59460399999997,1.0997050022196926,1.0997050022196926,1.0317696382019614,1.074214481970376,1.1892137076311289,0.4,0.9451156508389,0.4
20,20,0.1,0.10755250000000002,0.007299333445596251,4,5.197867826754484,1.0271956407010538,100,0,1.0,0.0,0.0,0.7081869888305664,1.0,1000,0,10.245722719999987,5.48556,9.990529999999987,15.379515999999969,1.0728643254692984,1.0728643254692984,1.02129174831873,1.0683839311512977,1.1069999660103174,0.4,1.800476804330056,0.4
20,20,0.1,0.10789125000000002,0.007812898289847377,6,6.723725410364839,0.6328553962151201,100,0,1.0,0.0,0.0,0.71965585231781,1.0,1000,0,11.195017659999987,7.296089999999998,10.82691999999999,15.887507999999986,1.076052493687103,1.076052493687103,1.0221933697866583,1.0687094040782652,1.132497580206767,0.4,1.350573232364254,0.4
20,20,0.1,0.10904650000000002,0.008557133004108328,12,12.271732452330347,0.2646822183135896,100,0,1.0,0.0,0.0,0.7384350299835205,1.0,1000,0,14.990828859999976,13.108749999999977,14.60797999999997,17.489101999999967,1.0783724124817282,1.0783724124817282,1.0311322003296737,1.0740820415084107,1.1322461021715253,0.4,0.7736305268059934,0.4
20,20,0.1,0.10834175000000004,0.008411719544034978,8,8.627874261120487,0.6586279327893921,100,0,1.0,0.0,0.0,0.7344016432762146,1.0,1000,0,12.660667899999982,9.19525999999999,12.36803999999998,16.35880799999996,1.0896005289380342,1.0896005289380342,1.028099793779727,1.0730935190260582,1.1624327872549476,0.4,1.1501888749697304,0.4
20,20,0.1,0.10771975000000003,0.007824306914193745,10,10.383726935598613,0.3433467137417494,100,0,1.0,0.0,0.0,0.7461646056175232,1.0,1000,0,13.692788499999981,11.182247999999998,13.318929999999995,16.91915999999996,1.0868982444056883,1.0868982444056883,1.030676694675857,1.0749731101724223,1.1556483842539456,0.4,0.7782756521403913,0.4
20,20,0.2,0.20588425000000007,0.0062124216846170385,4,4.9425320043069005,0.8796242098453723,100,1,1.0,0.0,0.01,1.00288170337677,1.0,1000,0,10.509007419999987,5.369820000000001,10.01685999999999,16.017565999999974,1.0988354336163466,1.0988354336163466,1.0261045318580364,1.0733883113084284,1.1904790011982218,0.4,1.2497326149276693,0.4
20,20,0.25,0.25564975000000006,0.006419167094530255,4,5.163712323516198,0.975507709111905,100,4,1.0,0.0,0.04,0.9843985104560852,1.0,1000,0,11.273140359999987,5.517630000000001,10.820409999999985,17.47099399999996,1.165969487475506,1.165969487475506,1.0291873553374533,1.0789561342322473,1.3568094346388249,0.4,0.8701379766303284,0.4
20,20,0.2,0.20628900000000006,0.005862871864538744,6,6.718749780862939,0.738518703499805,100,0,1.0,0.0,0.0,1.000032238960266,1.0,1000,0,11.919626199999986,7.321003999999996,11.461239999999993,16.73431199999997,1.1256486576372304,1.1256486576372304,1.0365344114628612,1.0800542466889558,1.2763916595486355,0.4,0.7218452641998007,0.4
20,20,0.15,0.15843275,0.008132319545338839,10,10.455067473628997,0.4837221835459599,100,0,1.0,0.0,0.0,1.0136334848403932,1.0,1000,0,14.32529075999998,11.44526399999999,14.04377999999998,17.557979999999965,1.1181044990219455,1.1181044990219455,1.0421023879216382,1.082309511259425,1.226506577033685,0.4,0.5394410365713693,0.4
20,20,0.2,0.20699724999999997,0.007398809781816261,8,8.608715323100105,0.6158893360229287,100,0,1.0,0.0,0.0,0.9800339245796204,1.0,1000,0,13.421020479999985,9.374907999999989,12.886679999999982,18.16010999999997,1.1672949929462129,1.1672949929462129,1.0408622412170054,1.0843438864614665,1.3380670652359756,0.4,0.572518044008855,0.4
20,20,0.2,0.20680250000000006,0.007019630955399299,10,10.478727225215438,0.46126557929138584,100,0,1.0,0.0,0.0,0.981130051612854,1.0,1000,0,15.33051977999998,11.688693999999984,14.645259999999979,19.51591399999999,1.1930376961236837,1.1930376961236837,1.0485274605269916,1.1081640888895308,1.4350920375824512,0.4,0.45391360222627253,0.4
20,20,0.2,0.2066675000000001,0.00765262087457624,12,12.29075898677926,0.3161856818961696,100,0,1.0,0.0,0.0,0.9785888242721558,1.0,1000,0,16.511007619999976,13.40874999999998,15.960939999999983,20.414253999999968,1.1690632802789065,1.1690632802789065,1.0497924307432958,1.1071471531152026,1.3505438157863647,0.4,0.43579605180414727,0.4
20,20,0.15,0.15817175000000006,0.008641031951537967,12,12.31812448516479,0.3094762908238639,100,0,1.0,0.0,0.0,1.0119668579101562,1.0,1000,0,15.438630839999977,13.215435999999972,15.012419999999981,18.398577999999997,1.1035397550002002,1.1035397550002002,1.0324716465864165,1.0793688477457017,1.2076164879880213,0.4,0.559397342644648,0.4
20,20,0.3,0.306041,0.005899769614145966,6,6.838891577573835,0.8812282377073531,100,6,1.0,0.0,0.06,0.9383555483818055,1.0,1000,0,13.504154179999983,7.576505999999997,12.677509999999977,20.09235199999995,1.2849517134559796,1.2849517134559796,1.0456027343845307,1.1074734452734663,1.7771904980936264,0.4,0.5057266836821203,0.4
20,20,0.3,0.3053320000000001,0.005773309362921766,10,10.46598097573724,0.43645545980785,100,16,1.0,0.0,0.16,0.9316415429115296,1.0,1000,0,18.272641319999973,12.102063999999984,16.23312999999999,27.709099999999964,1.4252750816594348,1.4252750816594348,1.0604301235230795,1.1993914738018159,2.125653091149669,0.4,0.41130891630809335,0.4
20,20,0.3,0.30541,0.006459867452200536,4,5.160431124723588,0.9856452935572357,100,8,1.0,0.0,0.08,0.9598640871047973,1.0,1000,0,11.134904819999988,5.317334000000001,10.324549999999988,17.14785999999997,1.1740927582879666,1.1740927582879666,1.0324876287110942,1.0793139247139578,1.399739480393233,0.4,0.829063639380811,0.4
20,20,0.25,0.25579700000000005,0.005989050717768217,8,8.68888656955256,0.6728332156125456,100,3,1.0,0.0,0.03,0.9199268269538879,1.0,1000,0,15.00461283999998,9.835203999999989,14.149989999999972,21.150229999999983,1.2875989000273922,1.2875989000273922,1.0548843841769684,1.1425879716832976,1.7042899506927187,0.4,0.46149017245107643,0.4
20,20,0.25,0.25624325000000003,0.00650377568705287,6,6.829414996647555,0.7656022583956126,100,3,1.0,0.0,0.03,0.9484051156044007,1.0,1000,0,12.735889339999986,7.507451999999997,12.334609999999994,18.090523999999967,1.1857952965537861,1.1857952965537861,1.0442039414161552,1.0874027148391665,1.4027804390410663,0.4,0.5730363342515147,0.4
20,20,0.3,0.30618375000000003,0.0067683291651263544,8,8.618970710782635,0.6877129471237327,100,21,1.0,0.0,0.21,0.9311719989776611,1.0,1000,0,17.075787299999977,10.338163999999997,15.482539999999979,26.53922399999998,1.4876578013637267,1.4876578013637267,1.0629858333697257,1.2389777996184053,2.3020848523045774,0.4,0.4366306165861955,0.4
20,20,0.25,0.25818300000000005,0.0074791124807693544,12,12.390510279966886,0.36398514491802714,100,2,1.0,0.0,0.02,0.9030465984344482,1.0,1000,0,17.856068959999973,13.903429999999997,16.947919999999968,22.61354399999997,1.245228181358907,1.245228181358907,1.063524154681629,1.1513144580641033,1.538505170934691,0.4,0.4079459018900712,0.4
20,20,0.25,0.2567615000000001,0.007299044817645664,10,10.531646981886402,0.5060998493418266,100,3,1.0,0.0,0.03,0.9026046919822693,1.0,1000,0,16.751859619999976,12.154317999999996,15.918929999999985,22.078683999999946,1.2991801259995295,1.2991801259995295,1.059574843656183,1.1740536365827734,1.6977629526310356,0.4,0.4296235574901283,0.4
20,20,0.35,0.35400700000000007,0.003929952417014739,4,5.034722858465389,0.9090639103328404,100,12,1.0,0.0,0.12,0.5131003665924072,1.0,1000,0,11.716494679999988,5.378578,11.03667999999999,18.38608799999997,1.2355456022008566,1.2355456022008566,1.038707673075673,1.0881062468713774,1.5882111088913198,0.4,0.7206086850116854,0.4
20,20,0.35,0.3544952500000001,0.0053306972984310495,8,8.64344499480473,0.5993561746892244,100,42,1.0,0.0,0.42,0.5098499417304992,1.0,1000,0,18.163883939999973,10.302541999999992,16.498809999999974,28.87820999999995,1.5435056851575195,1.5435056851575195,1.0669883084179805,1.2763461243262357,2.461607933614537,0.4,0.4192124849134403,0.4
20,20,0.35,0.3555715000000001,0.006814978008034959,10,10.534996455688743,0.573403141394637,100,52,1.0,0.0,0.52,0.5256161546707153,1.0,1000,0,20.911490059999974,12.877271999999984,19.100879999999975,31.933655999999957,1.618986998102727,1.618986998102727,1.080231009427046,1.4193428964336405,2.441716013067958,0.4,0.40580000000000005,0.4
20,20,0.35,0.35545675000000004,0.005255589708824311,12,12.360575262099808,0.30305567895908897,100,51,1.0,0.0,0.51,0.5269960761070251,1.0,1000,0,22.364425899999965,14.61922399999999,20.44643999999996,32.363181999999945,1.580072681259786,1.580072681259786,1.0823003965625662,1.4113089845488154,2.3278099758231603,0.4,0.40064721359550004,0.4
20,20,0.3,0.30578775,0.006331007517567797,12,12.328305962117094,0.27748510551422,100,12,1.0,0.0,0.12,0.4911946964263916,1.0,1000,0,20.120698399999974,14.113904,18.478689999999965,28.17004999999996,1.4208818180368,1.4208818180368,1.075892764774014,1.276665847083597,1.950837712736786,0.4,0.40220155876525293,0.4
20,20,0.35,0.35507850000000013,0.00500816960076232,6,6.825375584761049,0.8383497372598006,100,36,1.0,0.0,0.36,0.5576866936683654,1.0,1000,0,14.494197259999982,7.7321259999999965,13.370409999999989,22.93259399999997,1.3792462172350906,1.3792462172350906,1.0562409243222142,1.1626671195550893,1.977550444713184,0.4,0.4405461841546854,0.4
20,20,0.4,0.4038152500000001,0.004951499640260499,4,5.035908210528413,1.0166433084812774,100,49,1.0,0.0,0.49,0.5831490254402161,1.0,1000,0,12.191179079999987,5.586270000000002,11.29821999999999,20.59596999999997,1.2474568515976652,1.2474568515976652,1.037338654924158,1.0877647944418254,1.6248552768666547,0.4,0.6614853120414625,0.4
20,20,0.4,0.4049020000000001,0.004988527688607127,6,6.8181133642437315,0.7952113558700835,100,87,1.0,0.0,0.87,0.6543269896507263,1.0,1000,0,15.666824999999978,7.938163999999994,14.533129999999982,25.335435999999962,1.4764065714667662,1.4764065714667662,1.0615646490230466,1.2130650521600936,2.2852161178892394,0.4,0.43544521006087383,0.4
20,20,0.4,0.4054785,0.005067360037534353,10,10.524276188615008,0.5862597856234791,100,121,1.0,0.0,1.21,0.6306504559516907,1.0,1000,0,22.07611029999997,13.046677999999977,20.008869999999987,33.68886199999993,1.726224407746119,1.726224407746119,1.0819838195484952,1.5514454008851915,2.6560648679376295,0.4,0.40531141680516564,0.4
20,20,0.4,0.4047752500000001,0.0046725133694297954,12,12.345483417999366,0.35173435732553476,100,136,1.0,0.0,1.36,0.6425755047798156,1.0,1000,0,23.238196619999965,14.915731999999977,21.36655999999997,34.14809599999996,1.6432726808047173,1.6432726808047173,1.102630193623837,1.4888704348625061,2.4690159833714485,0.4,0.4000000000000001,0.4
20,20,0.4,0.40437075,0.004712161201349129,8,8.54898811674219,0.5215196187841017,100,150,1.0,0.0,1.5,0.7050742363929748,1.0,1000,0,20.18130157999997,11.042421999999995,18.123659999999973,32.013005999999955,1.7514852984240625,1.7514852984240625,1.0775371868737282,1.488297741789364,2.774923537012206,0.4,0.40262579804089843,0.4
30,30,0.1,0.10344522222222224,0.0034612751004489167,6,8.168483248906067,2.2635170870609085,100,0,1.0,0.0,0.0,1.2791459488868713,1.0,1000,0,16.645243259999972,8.736743999999993,16.363009999999967,25.07051799999993,1.0692738213270108,1.0692738213270108,1.0267322524674687,1.0691712076717272,1.102949906133596,0.4,1.276981031042642,0.4
30,30,0.1,0.10411055555555558,0.003935234749143209,9,10.409742969189772,1.425852930696252,100,0,1.0,0.0,0.0,1.280616762638092,1.0,1000,0,18.031114399999968,11.308217999999982,17.357089999999964,25.315795999999995,1.0734463944193302,1.0734463944193302,1.029261011937035,1.073440022541998,1.1084304381811247,0.4,1.0034249555697095,0.4
30,30,0.1,0.10368400000000003,0.003963159146407458,12,13.111024004912917,1.2437566665927435,100,0,1.0,0.0,0.0,1.265980179309845,1.0,1000,0,19.52368731999997,14.013489999999996,18.994669999999978,25.405253999999942,1.07263346556212,1.07263346556212,1.0294927830602885,1.0726002638879655,1.116339895949537,0.4,0.7993440256930306,0.4
30,30,0.1,0.10416422222222224,0.004261637249858641,15,15.874737612484623,0.9223610409835673,100,0,1.0,0.0,0.0,1.2922411203384399,1.0,1000,0,21.574719439999956,16.77159599999999,21.05294999999998,27.219579999999976,1.075906848719793,1.075906848719793,1.0334891192400022,1.0736863367319875,1.1174712189162808,0.4,0.6852088831049898,0.4
30,30,0.1,0.10428166666666668,0.004101880741475056,18,18.570263263989307,0.6784696327787472,100,0,1.0,0.0,0.0,1.2847559833526612,1.0,1000,0,22.930851459999953,19.689513999999942,22.31448999999997,26.94300199999993,1.0687487543896768,1.0687487543896768,1.029407957684758,1.0721228284362052,1.0972361131893351,0.4,0.5916755899409948,0.4
30,30,0.15,0.15363133333333337,0.003333569761985594,6,7.822580119776712,1.8405568563896477,100,0,1.0,0.0,0.0,1.1586833167076112,1.0,1000,0,16.411755839999977,8.419401999999993,15.79466999999999,25.1071,1.0850286945167098,1.0850286945167098,1.0323889522039897,1.075861625426492,1.1458606273205472,0.4,0.9386580941083706,0.4
30,30,0.15,0.15383477777777782,0.0038687123116894215,9,10.38785988909423,1.221721321265068,100,0,1.0,0.0,0.0,1.1626670265197754,1.0,1000,0,18.03768077999997,11.367329999999985,17.652359999999977,25.02555199999997,1.0887326170336487,1.0887326170336487,1.0343904697261987,1.0767982088421557,1.1515712880620521,0.4,0.6866219285736748,0.4
30,30,0.15,0.15381822222222227,0.003739508622899634,12,13.02604875405196,0.9790898559303538,100,0,1.0,0.0,0.0,1.1559767317771912,1.0,1000,0,19.79629637999997,14.26614999999998,18.973659999999967,26.240755999999948,1.0952074597404935,1.0952074597404935,1.0378831075096493,1.078413634299626,1.1729890226978723,0.4,0.5863124035161706,0.4
30,30,0.2,0.20320877777777785,0.0033440621025451972,6,8.186217510501868,2.0012316552300513,100,0,1.0,0.0,0.0,1.0261700177192687,1.0,1000,0,17.394793999999973,8.86780799999999,16.915969999999984,25.700525999999968,1.1101038261769334,1.1101038261769334,1.038667766940731,1.0786008684147927,1.1951128781477374,0.4,0.7235028302054511,0.4
30,30,0.2,0.20326777777777777,0.003192938775593946,9,10.46585358392863,1.5315021894334113,100,1,1.0,0.0,0.01,1.0400158953666687,1.0,1000,0,18.557860779999974,11.60330799999998,17.650289999999988,26.254959999999947,1.1214720985555555,1.1214720985555555,1.0406670605213757,1.082487056546824,1.2304224178552747,0.4,0.49457111122291986,0.4
30,30,0.2,0.203746,0.004061231954426435,12,13.196392019958212,1.061971036433365,100,0,1.0,0.0,0.0,1.0388938117027282,1.0,1000,0,20.706784319999965,14.545615999999997,20.287859999999966,27.137443999999945,1.124418739916848,1.124418739916848,1.0466094416923033,1.0861962719051617,1.2437512117627183,0.4,0.45224431401992526,0.4
30,30,0.15,0.1538268888888889,0.0036459313294766307,15,15.78173707209588,0.7874122356693003,100,0,1.0,0.0,0.0,1.0850459051132202,1.0,1000,0,21.927450119999964,16.972719999999995,21.39525999999998,27.596555999999943,1.0954198790941208,1.0954198790941208,1.0424489356588702,1.0797810157341674,1.16204284805502,0.4,0.4725635476011685,0.4
30,30,0.15,0.15400733333333333,0.004055646945697834,18,18.58405935289496,0.7091782044746949,100,0,1.0,0.0,0.0,1.096798641681671,1.0,1000,0,23.362999699999957,19.888389999999944,22.75826999999995,27.80490199999997,1.088720933783947,1.088720933783947,1.0408632326356997,1.0790623433161846,1.1438313588717115,0.4,0.48683125018862045,0.4
30,30,0.25,0.25346122222222234,0.0035294134423319717,6,7.92043772634359,1.699777408107611,100,0,1.0,0.0,0.0,0.9714534974098206,1.0,1000,0,17.462811599999977,8.717747999999993,16.721589999999978,26.623417999999944,1.1389275080008925,1.1389275080008925,1.0437122170576925,1.0835194816935343,1.2703038244161842,0.4,0.59842735042869,0.4
30,30,0.2,0.20334055555555558,0.0033430378640532635,15,15.933362625150533,0.8671537466727229,100,0,1.0,0.0,0.0,1.0305801773071288,1.0,1000,0,22.287319979999964,17.44578999999997,21.63164999999998,28.317619999999952,1.1183794174631314,1.1183794174631314,1.049355165920186,1.0875365581068057,1.2209315413362287,0.4,0.43737081512090753,0.4
30,30,0.2,0.20430211111111116,0.004214234753256579,18,18.581294862451905,0.5758979816077721,100,1,1.0,0.0,0.01,1.0388586473464967,1.0,1000,0,24.507304239999954,20.276623999999988,23.78578999999997,29.697385999999966,1.126935463341087,1.126935463341087,1.051069724496663,1.0903165460615973,1.2209403481411747,0.4,0.42712897233151104,0.4
30,30,0.25,0.2537521111111112,0.003422121100598356,9,10.536227572835573,1.6223286011334062,100,0,1.0,0.0,0.0,0.9520124101638794,1.0,1000,0,19.36885173999997,11.677571999999996,19.122179999999968,27.449627999999915,1.151371655119286,1.151371655119286,1.0482141416880826,1.093113631365377,1.3275485338242223,0.4,0.4687123257496212,0.4
30,30,0.3,0.30326633333333336,0.0032704311094984726,6,7.828766189616846,1.7094896929879935,100,1,1.0,0.0,0.01,0.9147835230827331,1.0,1000,0,17.774709739999977,8.965205999999997,16.990819999999967,27.404545999999954,1.1837587763524475,1.1837587763524475,1.0492889084321162,1.104110980792676,1.3754699645840487,0.4,0.5134200778638206,0.4
30,30,0.25,0.2535220000000001,0.003471071268799654,12,13.087702298083888,1.0602282653167086,100,0,1.0,0.0,0.0,0.9580947160720825,1.0,1000,0,21.499081759999964,14.668221999999993,20.707979999999964,29.442997999999918,1.1798700632235521,1.1798700632235521,1.055423823255996,1.121050128848374,1.3482017324279005,0.4,0.4158562436504749,0.4
30,30,0.25,0.25415711111111117,0.004246075608614863,15,15.811564391680887,0.7795461977265356,100,0,1.0,0.0,0.0,0.9585683226585389,1.0,1000,0,23.138609419999963,17.519931999999972,22.179279999999963,29.757735999999937,1.165984330179098,1.165984330179098,1.0573433336038698,1.1101231007192616,1.3541621277264366,0.4,0.4102627510415927,0.4
30,30,0.25,0.2530913333333334,0.003079291076021272,18,18.63330129362585,0.5732652639358052,100,0,1.0,0.0,0.0,0.9661745572090149,1.0,1000,0,25.960551319999958,20.818279999999984,24.877209999999963,32.036727999999925,1.1827888371150717,1.1827888371150717,1.0617353346707985,1.1317024707363408,1.37500843394366,0.4,0.4030142135623731,0.4
30,30,0.3,0.30329088888888894,0.003280348664094205,9,10.336803542357437,1.3514182798415406,100,2,1.0,0.0,0.02,0.9211665844917297,1.0,1000,0,21.12384891999997,11.897391999999982,19.334309999999967,31.950993999999948,1.2788937779180625,1.2788937779180625,1.0592363872788717,1.1332271384875416,1.5968989820308537,0.4,0.42199073519630453,0.4
30,30,0.3,0.30318888888888895,0.003022733616863798,12,13.12331146732716,1.0566967637975526,100,1,1.0,0.0,0.01,0.9163454508781433,1.0,1000,0,23.211280439999967,15.189107999999981,22.327209999999965,32.22501799999996,1.2932100782442466,1.2932100782442466,1.0703157581808505,1.1625815586219084,1.6825708776968147,0.4,0.4061211102550929,0.4
30,30,0.3,0.30348555555555556,0.003043243274802326,15,15.927777747424473,0.790026623244548,100,1,1.0,0.0,0.01,0.9202320313453675,1.0,1000,0,26.760598079999955,18.440291999999992,25.08548999999995,37.54223399999993,1.3134711550865834,1.3134711550865834,1.0742882700112821,1.1896777813205843,1.712030211203685,0.4,0.40060000000000007,0.4
30,30,0.35,0.3533226666666667,0.003248145499386574,6,7.889154528809175,1.6757872544564156,100,10,1.0,0.0,0.1,0.7910631728172303,1.0,1000,0,20.75444733999997,9.08893199999999,18.900879999999965,34.09589799999992,1.3706444404967428,1.3706444404967428,1.0530103320599038,1.141135327454545,1.883101855739171,0.4,0.5046114734830522,0.4
30,30,0.35,0.3530805555555556,0.003142942466173871,9,10.36586349617393,1.4055428898725386,100,20,1.0,0.0,0.2,0.813625693321228,1.0,1000,0,22.51329709999997,12.315261999999981,20.82631999999996,34.78003799999993,1.4165044850956834,1.4165044850956834,1.066600564089025,1.190117246587751,2.0173109188763134,0.4,0.41647980009196944,0.4
30,30,0.35,0.3530771111111112,0.002603517478193537,12,13.035731339268409,0.8892149233025071,100,20,1.0,0.0,0.2,0.8153701424598694,1.0,1000,0,26.435563919999964,15.622477999999974,24.145849999999975,40.28844799999995,1.458207818565361,1.458207818565361,1.0775260908721376,1.236351714688138,2.1581607298708305,0.4,0.40489747683550326,0.4
30,30,0.3,0.30356366666666673,0.0033786664967552357,18,18.583213444490454,0.549236411760816,100,4,1.0,0.0,0.04,0.8028113651275635,1.0,1000,0,27.952986999999954,21.463425999999977,26.863599999999956,36.66010599999994,1.2701993667395373,1.2701993667395373,1.0765256283882114,1.187545943829075,1.5894880051408233,0.4,0.4000000000000001,0.4
30,30,0.35,0.35276544444444446,0.0027133269155443316,15,15.870370065294807,0.872274177291719,100,13,1.0,0.0,0.13,0.7751789760589599,1.0,1000,0,28.226240199999957,18.795201999999982,26.202059999999957,40.89134599999994,1.3964270882974916,1.3964270882974916,1.081208320060726,1.2478545484386858,1.9388110458990113,0.4,0.4006,0.4
30,30,0.35,0.3536904444444445,0.003568131931624929,18,18.515153808994704,0.47339003556074716,100,15,1.0,0.0,0.15,0.729042158126831,1.0,1000,0,31.364943919999952,22.207565999999968,29.391999999999946,43.53731999999994,1.4364723182052779,1.4364723182052779,1.0857183429445931,1.3193561794343913,1.9644611838863686,0.4,0.4000000000000001,0.4
30,30,0.4,0.40278555555555556,0.0028338995077019117,6,7.616025646881529,1.4404784299819482,100,39,1.0,0.0,0.39,0.7986236119270325,1.0,1000,0,21.171652439999974,8.679225999999991,19.62217999999997,35.345549999999946,1.4213082929809633,1.4213082929809633,1.0622864497770352,1.1771409011457092,2.002485249386087,0.4,0.4587302435057274,0.4
30,30,0.4,0.40287655555555557,0.0028320070512397426,9,10.612962804029566,1.4191196566195465,100,48,1.0,0.0,0.48,0.7942186188697815,1.0,1000,0,25.501943199999964,13.333009999999984,23.03282999999997,40.29856599999993,1.5138221410792005,1.5138221410792005,1.0752332410409893,1.2719032739774112,2.1978859279342466,0.4,0.4071562655677328,0.4
30,30,0.4,0.4028371111111111,0.002853575283961268,12,13.104609252196935,1.1107413094351823,100,50,1.0,0.0,0.5,0.6694286322593689,1.0,1000,0,28.696905659999967,16.694435999999996,25.587859999999967,45.529977999999915,1.60838312774287,1.60838312774287,1.0854917371899477,1.344274311243826,2.5843454031302233,0.4,0.403422154055255,0.4
30,30,0.4,0.40265344444444456,0.0028514218653719085,15,15.837026621979827,1.005174372328331,100,54,1.0,0.0,0.54,0.6605272722244263,1.0,1000,0,32.123034519999955,19.99200399999997,30.250279999999925,46.978499999999904,1.618671220624913,1.618671220624913,1.1110849063588437,1.4598061459937381,2.3565461505668783,0.4,0.4000000000000001,0.4
30,30,0.4,0.4027832222222223,0.002922725134164453,18,18.705924347926317,0.7143295209820049,100,45,1.0,0.0,0.45,0.6450633764266968,1.0,1000,0,35.30969717999996,23.162175999999945,32.74613999999993,51.81476999999992,1.604918193271148,1.604918193271148,1.1083513411522785,1.4365499611541388,2.3853028819405573,0.4,0.4000000000000001,0.4
40,40,0.1,0.10219506250000004,0.0022402138386700392,8,10.218875804336811,2.0000902687621105,100,0,1.0,0.0,0.0,1.3435315799713134,1.0,1000,0,21.660606339999962,11.298275999999984,20.80679999999999,32.88074799999992,1.0667454361895177,1.0667454361895177,1.026806471949358,1.0693239433060693,1.0926832360909453,0.4,1.1099125393760496,0.4
40,40,0.1,0.10226862500000003,0.0022008868915450847,12,14.231617303753968,2.1068897512312663,100,0,1.0,0.0,0.0,1.3365089511871338,1.0,1000,0,24.247860619999955,15.156501999999966,23.16181999999995,34.431295999999975,1.0672679332787296,1.0672679332787296,1.0260790033295843,1.0689632822392485,1.0965733602178316,0.4,0.7189789957396726,0.4
40,40,0.1,0.10246731250000002,0.002513669170598779,16,17.518663266238423,1.44629882984963,100,0,1.0,0.0,0.0,1.3768236494064332,1.0,1000,0,25.80125555999995,18.52034999999999,24.931939999999944,34.66530799999992,1.070645686446975,1.070645686446975,1.028934934556271,1.0715388545662607,1.102627339367807,0.4,0.6783565785116884,0.4
40,40,0.1,0.101999875,0.0021911931288969063,20,21.141562706563324,1.116646732307575,100,0,1.0,0.0,0.0,1.3552997422218322,1.0,1000,0,28.582574459999947,22.49259399999995,27.653539999999957,36.004949999999916,1.0685664814270663,1.0685664814270663,1.0336476044104281,1.0716826561485746,1.096433213631653,0.4,0.5827765356290452,0.4
40,40,0.1,0.10215368750000002,0.002470790943547987,24,25.004629371388205,0.9650212951616534,100,0,1.0,0.0,0.0,1.385174114704132,1.0,1000,0,31.451866459999934,26.484727999999972,30.561819999999926,37.68803199999992,1.0677945095636747,1.0677945095636747,1.034565879200404,1.0707813438218052,1.0931996563102349,0.4,0.47694524645605507,0.4
40,40,0.15,0.15223587500000002,0.00207790546208797,8,10.719714908811703,2.4916586250890225,100,0,1.0,0.0,0.0,1.2730475378036499,1.0,1000,0,23.062079799999964,11.367393999999997,22.749399999999966,34.89762199999995,1.077352445420232,1.077352445420232,1.0372070135003997,1.0742598806848598,1.1202610467753569,0.4,0.6773079756432173,0.4
40,40,0.15,0.15212175000000003,0.001966118177399314,16,17.580044060381354,1.626285987869485,100,0,1.0,0.0,0.0,1.2815891599655151,1.0,1000,0,26.440212119999952,18.94360199999997,25.69672999999994,35.13601199999991,1.0831985982252805,1.0831985982252805,1.0422332781575188,1.077300889967236,1.129306836669133,0.4,0.46712804322427975,0.4
40,40,0.15,0.1523326875,0.002003625981619014,12,14.092118722511527,2.1554425645291393,100,0,1.0,0.0,0.0,1.3015890169143676,1.0,1000,0,24.917015279999955,15.559167999999987,24.09258999999995,35.83738999999997,1.083259565797819,1.083259565797819,1.037040924604124,1.0777643428728347,1.1339351180724746,0.4,0.5340648089169652,0.4
40,40,0.15,0.1522959375,0.0021659292490104013,20,21.059714618310394,1.1234331194725216,100,0,1.0,0.0,0.0,1.2682853579521178,1.0,1000,0,29.097018839999947,22.86608199999994,28.30915999999995,36.31418799999994,1.0806885707670852,1.0806885707670852,1.043186903710587,1.0786624082419682,1.1240752799122373,0.4,0.4365288879844499,0.4
40,40,0.15,0.1520401875,0.0021499955041740806,24,24.730214252224524,0.7541692779426546,100,0,1.0,0.0,0.0,1.2857403016090394,1.0,1000,0,31.563737619999934,26.59010999999996,30.702949999999973,38.004307999999945,1.0823705243989712,1.0823705243989712,1.0408443129385925,1.0772659882222126,1.124022027534197,0.4,0.4230075048268239,0.4
40,40,0.2,0.20241950000000003,0.0023966326116031987,8,10.438813019536134,2.3994306968475585,100,0,1.0,0.0,0.0,1.2204354000091553,1.0,1000,0,22.424270399999966,11.383605999999988,21.492889999999964,34.638445999999924,1.1072013486999321,1.1072013486999321,1.0403307809713265,1.0812138654496175,1.18910870249279,0.4,0.5185603418902865,0.4
40,40,0.2,0.20205575000000003,0.0022345549193295788,12,13.971350079437979,2.1105837605339812,100,0,1.0,0.0,0.0,1.2287295317649842,1.0,1000,0,24.850518619999956,15.28649999999997,24.277209999999968,35.424127999999946,1.1006785313786154,1.1006785313786154,1.0445454454210004,1.0824921295901988,1.170270998176526,0.4,0.46692932895912176,0.4
40,40,0.2,0.20207468750000004,0.0019925137968076247,16,17.289831130829437,1.2229976680989083,100,0,1.0,0.0,0.0,1.226187255382538,1.0,1000,0,26.77659697999995,19.22762399999996,25.720399999999948,35.55951599999997,1.1056539885224643,1.1056539885224643,1.051568385217213,1.0850001681185701,1.1796514548279355,0.4,0.42085759228794745,0.4
40,40,0.25,0.25227643750000006,0.0022492338721704238,8,10.6270007392357,2.243691838719353,100,1,1.0,0.0,0.01,1.1360692501068115,1.0,1000,0,23.49987237999996,12.241831999999997,23.35057999999995,35.16317999999993,1.1371980089274945,1.1371980089274945,1.0504879721822649,1.0899306338123522,1.2571865480911486,0.4,0.46238761266808703,0.4
40,40,0.2,0.20228462500000005,0.002230899906007664,20,21.176893700207962,1.1441276755432739,100,0,1.0,0.0,0.0,1.2315422081947327,1.0,1000,0,29.627879079999946,23.192825999999954,28.87631999999996,37.35104799999991,1.1034783342443126,1.1034783342443126,1.047762867217726,1.0837057684815241,1.1762113626429382,0.4,0.4137508612635587,0.4
40,40,0.2,0.2020845000000001,0.002113109283437568,24,24.780801900508926,0.7673004760232545,100,0,1.0,0.0,0.0,1.2270953369140625,1.0,1000,0,31.93903961999994,27.013951999999943,30.997619999999955,37.92116799999994,1.0976461821880912,1.0976461821880912,1.0549189040774358,1.0842796850293916,1.1529716848796052,0.4,0.4025521758054825,0.4
40,40,0.3,0.30197868750000006,0.0020636992905263022,8,10.723704818756206,2.330803404475258,100,0,1.0,0.0,0.0,1.1196835088729857,1.0,1000,0,24.53320289999996,12.389753999999979,23.661229999999946,37.375953999999915,1.18796553642152,1.18796553642152,1.0545590873248398,1.1113113820272837,1.374978770228021,0.4,0.4356073879405236,0.4
40,40,0.25,0.25203825,0.00196808506231312,16,17.524840219747794,1.946343078349184,100,0,1.0,0.0,0.0,1.185108551979065,1.0,1000,0,28.723973099999952,19.623419999999946,27.418919999999932,39.40122199999991,1.1389996087732015,1.1389996087732015,1.0612730781305797,1.1035682513992215,1.253010228240439,0.4,0.4088568482762434,0.4
40,40,0.25,0.2521574375,0.0018836624264232573,12,14.09871576273746,1.9529332742982288,100,0,1.0,0.0,0.0,1.1873712468147277,1.0,1000,0,25.519258459999953,15.242245999999989,24.770699999999962,36.43513599999995,1.1326314574617833,1.1326314574617833,1.0525667754220913,1.0962833721399345,1.2371832304081098,0.4,0.42514706458353463,0.4
40,40,0.25,0.25192581250000007,0.0018901352991833112,20,21.2317476466046,1.2380634676936793,100,0,1.0,0.0,0.0,1.2101540970802307,1.0,1000,0,30.627262219999945,23.862357999999958,29.933419999999956,38.40347399999992,1.1328895323869712,1.1328895323869712,1.0651083594318211,1.1114402580444431,1.232056888299599,0.4,0.40174164078649993,0.4
40,40,0.25,0.2523086875000001,0.0021553535989991875,24,24.76718173503449,0.8662894112842886,100,0,1.0,0.0,0.0,1.1916174817085265,1.0,1000,0,32.55066733999994,27.341049999999942,31.609749999999952,38.95833199999995,1.1237207622207301,1.1237207622207301,1.0630496734534824,1.1103027909253704,1.2047409922055647,0.4,0.4006,0.4
40,40,0.3,0.30227856250000007,0.0020342265220394417,12,14.03518516498275,2.043417846531032,100,1,1.0,0.0,0.01,1.1251792788505555,1.0,1000,0,27.274462319999955,15.655849999999965,26.089339999999957,40.17891599999992,1.1924484326453404,1.1924484326453404,1.057988597150067,1.128786206946614,1.403267547984772,0.4,0.4108630591775965,0.4
40,40,0.3,0.301648375,0.0019279969811633524,16,17.756955917975535,1.8730228420992032,100,1,1.0,0.0,0.01,1.1225348234176635,1.0,1000,0,30.20931103999995,20.286969999999954,28.905019999999958,42.024707999999876,1.2092942236396849,1.2092942236396849,1.0704317406966013,1.1437464264037935,1.4137619079631814,0.4,0.4034472135955,0.4
40,40,0.3,0.3017739375000001,0.0019525756337383593,20,21.38476014674769,1.3099794695608165,100,1,1.0,0.0,0.01,1.1155992341041565,1.0,1000,0,32.53458345999994,24.32224399999998,31.74021999999993,41.67886399999997,1.187645783747897,1.187645783747897,1.0703188183950942,1.1439553230395436,1.3925561053131141,0.4,0.4000000000000001,0.4
40,40,0.35,0.35176800000000014,0.0015938081558017055,12,14.291776308530629,2.370636944611807,100,5,1.0,0.0,0.05,1.0790029048919678,1.0,1000,0,30.24314485999995,17.010703999999976,29.20412999999995,43.859037999999934,1.320170346350649,1.320170346350649,1.073372945925171,1.1841409251344244,1.7002346291853196,0.4,0.4023785844453985,0.4
40,40,0.35,0.35178168750000005,0.0015906875613924659,8,10.517661055393154,2.641160563281623,100,5,1.0,0.0,0.05,1.0765177011489868,1.0,1000,0,26.591263639999962,12.798341999999998,25.97187999999995,40.44560799999994,1.2806619372419887,1.2806619372419887,1.0683557978493115,1.163709893198605,1.5568640429034124,0.4,0.41794414592991,0.4
40,40,0.35,0.35199725,0.0019493931988570164,16,17.737642314275757,1.6931200284242702,100,4,1.0,0.0,0.04,1.0556268763542176,1.0,1000,0,32.79222167999996,20.89940399999998,30.753539999999955,46.21986399999993,1.3402996218787193,1.3402996218787193,1.0795456106534125,1.1879469582246438,1.778819600931904,0.4,0.4000000000000001,0.4
40,40,0.35,0.3520705625,0.0019414802453202335,20,21.303642552364316,1.2642524487052675,100,3,1.0,0.0,0.03,1.0706623578071595,1.0,1000,0,36.572842339999944,25.701471999999967,34.73548999999995,49.79033399999991,1.3348863814859802,1.3348863814859802,1.0867560267746146,1.2226429327816442,1.7164618906730789,0.4,0.4000000000000001,0.4
40,40,0.3,0.30200037500000004,0.0020693852536743697,24,24.9172107886428,0.9825000581933131,100,1,1.0,0.0,0.01,1.1248829317092897,1.0,1000,0,35.615098199999935,28.57306399999995,34.52630999999991,44.1212799999999,1.2033857483536072,1.2033857483536072,1.0800053322776604,1.1530661359652483,1.3742845265469754,0.4,0.4006,0.4
40,40,0.4,0.40180637500000016,0.0020277668173695556,8,10.758585236823533,2.255284627561831,100,20,1.0,0.0,0.2,1.0355757641792298,1.0,1000,0,28.691489379999965,13.106267999999991,26.471589999999967,47.48489199999991,1.44105946664189,1.44105946664189,1.0707802596208118,1.215751128664218,2.0380557891196602,0.4,0.41003795278112126,0.4
40,40,0.35,0.35178162500000004,0.0021031490191793533,24,24.933737800079093,0.9857060097925028,100,5,1.0,0.0,0.05,1.0610351634025574,1.0,1000,0,38.44177799999995,28.91128799999994,36.68725999999992,49.692163999999885,1.291177430962635,1.291177430962635,1.0847729068893053,1.1954428100102175,1.5961326922591998,0.4,0.4000000000000001,0.4
40,40,0.4,0.40163637500000005,0.0015746907880993452,12,14.076706245697403,2.1498128180818643,100,20,1.0,0.0,0.2,1.0377444338798523,1.0,1000,0,32.339667299999974,16.60739199999999,29.42158999999998,52.32051199999991,1.452808758798065,1.452808758798065,1.0762487052880785,1.2250870124290065,2.202816160405748,0.4,0.4017211102550929,0.4
40,40,0.4,0.40151568750000005,0.001589427839025389,24,24.814294149831383,0.9562010213034178,100,11,1.0,0.0,0.11,0.6440106797218322,1.0,1000,0,44.17338163999996,31.55412799999995,41.92394999999995,60.66943799999997,1.4891792876862386,1.4891792876862386,1.1164790705566645,1.3592887098623754,2.064326588885493,0.4,0.4000000000000001,0.4
40,40,0.4,0.4019342500000001,0.001620637046812138,16,17.741409499873917,1.5354562572344503,100,16,1.0,0.0,0.16,0.6764191126823426,1.0,1000,0,36.580588379999966,22.141351999999973,33.45708999999996,55.31205599999996,1.479120494784459,1.479120494784459,1.0868695832809534,1.2808353230785388,2.080244071015498,0.4,0.40080000000000005,0.4
40,40,0.4,0.4018086250000001,0.0020538986898396444,20,21.37435699531652,1.412693705937309,100,20,1.0,0.0,0.2,0.6904216432571411,1.0,1000,0,40.17622093999997,26.378983999999953,37.22956999999994,58.83773800000008,1.4899890196110512,1.4899890196110512,1.1097725792878292,1.324486981002049,2.1247272913893145,0.4,0.4000000000000001,0.4
