Step,Agent,X,Y,Goal_X,Goal_Y,Obstacles
0,drone_0,12.4947,10.4760,11.2089,12.1093,"5.849,8.722,1.173;19.131,8.457,0.257;6.312,3.894,0.480;6.153,12.063,1.322;1.100,2.858,0.794;6.039,6.455,1.260;12.099,15.138,0.240;19.569,13.110,0.393;3.416,3.155,1.535;17.910,8.652,1.120;1.594,2.973,1.313;6.753,8.461,0.860;5.968,8.148,0.925;9.991,7.720,0.433;9.889,6.612,0.836;7.690,4.232,1.018;15.263,4.161,2.496;2.251,15.286,0.353;7.886,1.961,0.660;1.803,7.266,1.137;12.371,18.662,0.427;5.646,9.512,1.181;10.379,6.113,1.739;10.422,5.049,1.950;17.265,6.663,0.227;3.732,14.268,2.411;15.004,10.128,0.741;14.326,17.501,0.790;2.422,10.380,0.852;18.072,11.585,1.339;3.006,5.933,1.173;4.888,5.009,1.004;4.830,9.157,1.301;6.538,6.523,2.339;17.405,0.973,1.204;4.671,13.005,1.042;3.472,10.274,0.277;13.441,16.423,2.079;18.664,1.468,0.752"
0,drone_1,17.3427,13.2043,11.2089,12.1093,"5.849,8.722,1.173;19.131,8.457,0.257;6.312,3.894,0.480;6.153,12.063,1.322;1.100,2.858,0.794;6.039,6.455,1.260;12.099,15.138,0.240;19.569,13.110,0.393;3.416,3.155,1.535;17.910,8.652,1.120;1.594,2.973,1.313;6.753,8.461,0.860;5.968,8.148,0.925;9.991,7.720,0.433;9.889,6.612,0.836;7.690,4.232,1.018;15.263,4.161,2.496;2.251,15.286,0.353;7.886,1.961,0.660;1.803,7.266,1.137;12.371,18.662,0.427;5.646,9.512,1.181;10.379,6.113,1.739;10.422,5.049,1.950;17.265,6.663,0.227;3.732,14.268,2.411;15.004,10.128,0.741;14.326,17.501,0.790;2.422,10.380,0.852;18.072,11.585,1.339;3.006,5.933,1.173;4.888,5.009,1.004;4.830,9.157,1.301;6.538,6.523,2.339;17.405,0.973,1.204;4.671,13.005,1.042;3.472,10.274,0.277;13.441,16.423,2.079;18.664,1.468,0.752"
0,drone_2,17.9371,3.2366,11.2089,12.1093,"5.849,8.722,1.173;19.131,8.457,0.257;6.312,3.894,0.480;6.153,12.063,1.322;1.100,2.858,0.794;6.039,6.455,1.260;12.099,15.138,0.240;19.569,13.110,0.393;3.416,3.155,1.535;17.910,8.652,1.120;1.594,2.973,1.313;6.753,8.461,0.860;5.968,8.148,0.925;9.991,7.720,0.433;9.889,6.612,0.836;7.690,4.232,1.018;15.263,4.161,2.496;2.251,15.286,0.353;7.886,1.961,0.660;1.803,7.266,1.137;12.371,18.662,0.427;5.646,9.512,1.181;10.379,6.113,1.739;10.422,5.049,1.950;17.265,6.663,0.227;3.732,14.268,2.411;15.004,10.128,0.741;14.326,17.501,0.790;2.422,10.380,0.852;18.072,11.585,1.339;3.006,5.933,1.173;4.888,5.009,1.004;4.830,9.157,1.301;6.538,6.523,2.339;17.405,0.973,1.204;4.671,13.005,1.042;3.472,10.274,0.277;13.441,16.423,2.079;18.664,1.468,0.752"
0,drone_3,12.3533,14.4064,11.2089,12.1093,"5.849,8.722,1.173;19.131,8.457,0.257;6.312,3.894,0.480;6.153,12.063,1.322;1.100,2.858,0.794;6.039,6.455,1.260;12.099,15.138,0.240;19.569,13.110,0.393;3.416,3.155,1.535;17.910,8.652,1.120;1.594,2.973,1.313;6.753,8.461,0.860;5.968,8.148,0.925;9.991,7.720,0.433;9.889,6.612,0.836;7.690,4.232,1.018;15.263,4.161,2.496;2.251,15.286,0.353;7.886,1.961,0.660;1.803,7.266,1.137;12.371,18.662,0.427;5.646,9.512,1.181;10.379,6.113,1.739;10.422,5.049,1.950;17.265,6.663,0.227;3.732,14.268,2.411;15.004,10.128,0.741;14.326,17.501,0.790;2.422,10.380,0.852;18.072,11.585,1.339;3.006,5.933,1.173;4.888,5.009,1.004;4.830,9.157,1.301;6.538,6.523,2.339;17.405,0.973,1.204;4.671,13.005,1.042;3.472,10.274,0.277;13.441,16.423,2.079;18.664,1.468,0.752"
0,drone_4,18.1984,5.5055,11.2089,12.1093,"5.849,8.722,1.173;19.131,8.457,0.257;6.312,3.894,0.480;6.153,12.063,1.322;1.100,2.858,0.794;6.039,6.455,1.260;12.099,15.138,0.240;19.569,13.110,0.393;3.416,3.155,1.535;17.910,8.652,1.120;1.594,2.973,1.313;6.753,8.461,0.860;5.968,8.148,0.925;9.991,7.720,0.433;9.889,6.612,0.836;7.690,4.232,1.018;15.263,4.161,2.496;2.251,15.286,0.353;7.886,1.961,0.660;1.803,7.266,1.137;12.371,18.662,0.427;5.646,9.512,1.181;10.379,6.113,1.739;10.422,5.049,1.950;17.265,6.663,0.227;3.732,14.268,2.411;15.004,10.128,0.741;14.326,17.501,0.790;2.422,10.380,0.852;18.072,11.585,1.339;3.006,5.933,1.173;4.888,5.009,1.004;4.830,9.157,1.301;6.538,6.523,2.339;17.405,0.973,1.204;4.671,13.005,1.042;3.472,10.274,0.277;13.441,16.423,2.079;18.664,1.468,0.752"
0,drone_5,18.6482,5.6864,11.2089,12.1093,"5.849,8.722,1.173;19.131,8.457,0.257;6.312,3.894,0.480;6.153,12.063,1.322;1.100,2.858,0.794;6.039,6.455,1.260;12.099,15.138,0.240;19.569,13.110,0.393;3.416,3.155,1.535;17.910,8.652,1.120;1.594,2.973,1.313;6.753,8.461,0.860;5.968,8.148,0.925;9.991,7.720,0.433;9.889,6.612,0.836;7.690,4.232,1.018;15.263,4.161,2.496;2.251,15.286,0.353;7.886,1.961,0.660;1.803,7.266,1.137;12.371,18.662,0.427;5.646,9.512,1.181;10.379,6.113,1.739;10.422,5.049,1.950;17.265,6.663,0.227;3.732,14.268,2.411;15.004,10.128,0.741;14.326,17.501,0.790;2.422,10.380,0.852;18.072,11.585,1.339;3.006,5.933,1.173;4.888,5.009,1.004;4.830,9.157,1.301;6.538,6.523,2.339;17.405,0.973,1.204;4.671,13.005,1.042;3.472,10.274,0.277;13.441,16.423,2.079;18.664,1.468,0.752"
0,drone_6,12.2454,3.5896,11.2089,12.1093,"5.849,8.722,1.173;19.131,8.457,0.257;6.312,3.894,0.480;6.153,12.063,1.322;1.100,2.858,0.794;6.039,6.455,1.260;12.099,15.138,0.240;19.569,13.110,0.393;3.416,3.155,1.535;17.910,8.652,1.120;1.594,2.973,1.313;6.753,8.461,0.860;5.968,8.148,0.925;9.991,7.720,0.433;9.889,6.612,0.836;7.690,4.232,1.018;15.263,4.161,2.496;2.251,15.286,0.353;7.886,1.961,0.660;1.803,7.266,1.137;12.371,18.662,0.427;5.646,9.512,1.181;10.379,6.113,1.739;10.422,5.049,1.950;17.265,6.663,0.227;3.732,14.268,2.411;15.004,10.128,0.741;14.326,17.501,0.790;2.422,10.380,0.852;18.072,11.585,1.339;3.006,5.933,1.173;4.888,5.009,1.004;4.830,9.157,1.301;6.538,6.523,2.339;17.405,0.973,1.204;4.671,13.005,1.042;3.472,10.274,0.277;13.441,16.423,2.079;18.664,1.468,0.752"
0,drone_7,7.9810,12.7678,11.2089,12.1093,"5.849,8.722,1.173;19.131,8.457,0.257;6.312,3.894,0.480;6.153,12.063,1.322;1.100,2.858,0.794;6.039,6.455,1.260;12.099,15.138,0.240;19.569,13.110,0.393;3.416,3.155,1.535;17.910,8.652,1.120;1.594,2.973,1.313;6.753,8.461,0.860;5.968,8.148,0.925;9.991,7.720,0.433;9.889,6.612,0.836;7.690,4.232,1.018;15.263,4.161,2.496;2.251,15.286,0.353;7.886,1.961,0.660;1.803,7.266,1.137;12.371,18.662,0.427;5.646,9.512,1.181;10.379,6.113,1.739;10.422,5.049,1.950;17.265,6.663,0.227;3.732,14.268,2.411;15.004,10.128,0.741;14.326,17.501,0.790;2.422,10.380,0.852;18.072,11.585,1.339;3.006,5.933,1.173;4.888,5.009,1.004;4.830,9.157,1.301;6.538,6.523,2.339;17.405,0.973,1.204;4.671,13.005,1.042;3.472,10.274,0.277;13.441,16.423,2.079;18.664,1.468,0.752"
0,drone_8,10.5205,9.1979,11.2089,12.1093,"5.849,8.722,1.173;19.131,8.457,0.257;6.312,3.894,0.480;6.153,12.063,1.322;1.100,2.858,0.794;6.039,6.455,1.260;12.099,15.138,0.240;19.569,13.110,0.393;3.416,3.155,1.535;17.910,8.652,1.120;1.594,2.973,1.313;6.753,8.461,0.860;5.968,8.148,0.925;9.991,7.720,0.433;9.889,6.612,0.836;7.690,4.232,1.018;15.263,4.161,2.496;2.251,15.286,0.353;7.886,1.961,0.660;1.803,7.266,1.137;12.371,18.662,0.427;5.646,9.512,1.181;10.379,6.113,1.739;10.422,5.049,1.950;17.265,6.663,0.227;3.732,14.268,2.411;15.004,10.128,0.741;14.326,17.501,0.790;2.422,10.380,0.852;18.072,11.585,1.339;3.006,5.933,1.173;4.888,5.009,1.004;4.830,9.157,1.301;6.538,6.523,2.339;17.405,0.973,1.204;4.671,13.005,1.042;3.472,10.274,0.277;13.441,16.423,2.079;18.664,1.468,0.752"
0,drone_9,1.3225,5.7501,11.2089,12.1093,"5.849,8.722,1.173;19.131,8.457,0.257;6.312,3.894,0.480;6.153,12.063,1.322;1.100,2.858,0.794;6.039,6.455,1.260;12.099,15.138,0.240;19.569,13.110,0.393;3.416,3.155,1.535;17.910,8.652,1.120;1.594,2.973,1.313;6.753,8.461,0.860;5.968,8.148,0.925;9.991,7.720,0.433;9.889,6.612,0.836;7.690,4.232,1.018;15.263,4.161,2.496;2.251,15.286,0.353;7.886,1.961,0.660;1.803,7.266,1.137;12.371,18.662,0.427;5.646,9.512,1.181;10.379,6.113,1.739;10.422,5.049,1.950;17.265,6.663,0.227;3.732,14.268,2.411;15.004,10.128,0.741;14.326,17.501,0.790;2.422,10.380,0.852;18.072,11.585,1.339;3.006,5.933,1.173;4.888,5.009,1.004;4.830,9.157,1.301;6.538,6.523,2.339;17.405,0.973,1.204;4.671,13.005,1.042;3.472,10.274,0.277;13.441,16.423,2.079;18.664,1.468,0.752"
1,drone_0,12.5947,10.3760,11.2089,12.1093,"5.849,8.722,1.173;19.131,8.457,0.257;6.312,3.894,0.480;6.153,12.063,1.322;1.100,2.858,0.794;6.039,6.455,1.260;12.099,15.138,0.240;19.569,13.110,0.393;3.416,3.155,1.535;17.910,8.652,1.120;1.594,2.973,1.313;6.753,8.461,0.860;5.968,8.148,0.925;9.991,7.720,0.433;9.889,6.612,0.836;7.690,4.232,1.018;15.263,4.161,2.496;2.251,15.286,0.353;7.886,1.961,0.660;1.803,7.266,1.137;12.371,18.662,0.427;5.646,9.512,1.181;10.379,6.113,1.739;10.422,5.049,1.950;17.265,6.663,0.227;3.732,14.268,2.411;15.004,10.128,0.741;14.326,17.501,0.790;2.422,10.380,0.852;18.072,11.585,1.339;3.006,5.933,1.173;4.888,5.009,1.004;4.830,9.157,1.301;6.538,6.523,2.339;17.405,0.973,1.204;4.671,13.005,1.042;3.472,10.274,0.277;13.441,16.423,2.079;18.664,1.468,0.752"
1,drone_1,17.4427,13.1043,11.2089,12.1093,"5.849,8.722,1.173;19.131,8.457,0.257;6.312,3.894,0.480;6.153,12.063,1.322;1.100,2.858,0.794;6.039,6.455,1.260;12.099,15.138,0.240;19.569,13.110,0.393;3.416,3.155,1.535;17.910,8.652,1.120;1.594,2.973,1.313;6.753,8.461,0.860;5.968,8.148,0.925;9.991,7.720,0.433;9.889,6.612,0.836;7.690,4.232,1.018;15.263,4.161,2.496;2.251,15.286,0.353;7.886,1.961,0.660;1.803,7.266,1.137;12.371,18.662,0.427;5.646,9.512,1.181;10.379,6.113,1.739;10.422,5.049,1.950;17.265,6.663,0.227;3.732,14.268,2.411;15.004,10.128,0.741;14.326,17.501,0.790;2.422,10.380,0.852;18.072,11.585,1.339;3.006,5.933,1.173;4.888,5.009,1.004;4.830,9.157,1.301;6.538,6.523,2.339;17.405,0.973,1.204;4.671,13.005,1.042;3.472,10.274,0.277;13.441,16.423,2.079;18.664,1.468,0.752"
1,drone_2,18.0371,3.1366,11.2089,12.1093,"5.849,8.722,1.173;19.131,8.457,0.257;6.312,3.894,0.480;6.153,12.063,1.322;1.100,2.858,0.794;6.039,6.455,1.260;12.099,15.138,0.240;19.569,13.110,0.393;3.416,3.155,1.535;17.910,8.652,1.120;1.594,2.973,1.313;6.753,8.461,0.860;5.968,8.148,0.925;9.991,7.720,0.433;9.889,6.612,0.836;7.690,4.232,1.018;15.263,4.161,2.496;2.251,15.286,0.353;7.886,1.961,0.660;1.803,7.266,1.137;12.371,18.662,0.427;5.646,9.512,1.181;10.379,6.113,1.739;10.422,5.049,1.950;17.265,6.663,0.227;3.732,14.268,2.411;15.004,10.128,0.741;14.326,17.501,0.790;2.422,10.380,0.852;18.072,11.585,1.339;3.006,5.933,1.173;4.888,5.009,1.004;4.830,9.157,1.301;6.538,6.523,2.339;17.405,0.973,1.204;4.671,13.005,1.042;3.472,10.274,0.277;13.441,16.423,2.079;18.664,1.468,0.752"
1,drone_3,12.4533,14.3064,11.2089,12.1093,"5.849,8.722,1.173;19.131,8.457,0.257;6.312,3.894,0.480;6.153,12.063,1.322;1.100,2.858,0.794;6.039,6.455,1.260;12.099,15.138,0.240;19.569,13.110,0.393;3.416,3.155,1.535;17.910,8.652,1.120;1.594,2.973,1.313;6.753,8.461,0.860;5.968,8.148,0.925;9.991,7.720,0.433;9.889,6.612,0.836;7.690,4.232,1.018;15.263,4.161,2.496;2.251,15.286,0.353;7.886,1.961,0.660;1.803,7.266,1.137;12.371,18.662,0.427;5.646,9.512,1.181;10.379,6.113,1.739;10.422,5.049,1.950;17.265,6.663,0.227;3.732,14.268,2.411;15.004,10.128,0.741;14.326,17.501,0.790;2.422,10.380,0.852;18.072,11.585,1.339;3.006,5.933,1.173;4.888,5.009,1.004;4.830,9.157,1.301;6.538,6.523,2.339;17.405,0.973,1.204;4.671,13.005,1.042;3.472,10.274,0.277;13.441,16.423,2.079;18.664,1.468,0.752"
1,drone_4,18.2984,5.4055,11.2089,12.1093,"5.849,8.722,1.173;19.131,8.457,0.257;6.312,3.894,0.480;6.153,12.063,1.322;1.100,2.858,0.794;6.039,6.455,1.260;12.099,15.138,0.240;19.569,13.110,0.393;3.416,3.155,1.535;17.910,8.652,1.120;1.594,2.973,1.313;6.753,8.461,0.860;5.968,8.148,0.925;9.991,7.720,0.433;9.889,6.612,0.836;7.690,4.232,1.018;15.263,4.161,2.496;2.251,15.286,0.353;7.886,1.961,0.660;1.803,7.266,1.137;12.371,18.662,0.427;5.646,9.512,1.181;10.379,6.113,1.739;10.422,5.049,1.950;17.265,6.663,0.227;3.732,14.268,2.411;15.004,10.128,0.741;14.326,17.501,0.790;2.422,10.380,0.852;18.072,11.585,1.339;3.006,5.933,1.173;4.888,5.009,1.004;4.830,9.157,1.301;6.538,6.523,2.339;17.405,0.973,1.204;4.671,13.005,1.042;3.472,10.274,0.277;13.441,16.423,2.079;18.664,1.468,0.752"
1,drone_5,18.7482,5.5864,11.2089,12.1093,"5.849,8.722,1.173;19.131,8.457,0.257;6.312,3.894,0.480;6.153,12.063,1.322;1.100,2.858,0.794;6.039,6.455,1.260;12.099,15.138,0.240;19.569,13.110,0.393;3.416,3.155,1.535;17.910,8.652,1.120;1.594,2.973,1.313;6.753,8.461,0.860;5.968,8.148,0.925;9.991,7.720,0.433;9.889,6.612,0.836;7.690,4.232,1.018;15.263,4.161,2.496;2.251,15.286,0.353;7.886,1.961,0.660;1.803,7.266,1.137;12.371,18.662,0.427;5.646,9.512,1.181;10.379,6.113,1.739;10.422,5.049,1.950;17.265,6.663,0.227;3.732,14.268,2.411;15.004,10.128,0.741;14.326,17.501,0.790;2.422,10.380,0.852;18.072,11.585,1.339;3.006,5.933,1.173;4.888,5.009,1.004;4.830,9.157,1.301;6.538,6.523,2.339;17.405,0.973,1.204;4.671,13.005,1.042;3.472,10.274,0.277;13.441,16.423,2.079;18.664,1.468,0.752"
1,drone_6,12.3454,3.4896,11.2089,12.1093,"5.849,8.722,1.173;19.131,8.457,0.257;6.312,3.894,0.480;6.153,12.063,1.322;1.100,2.858,0.794;6.039,6.455,1.260;12.099,15.138,0.240;19.569,13.110,0.393;3.416,3.155,1.535;17.910,8.652,1.120;1.594,2.973,1.313;6.753,8.461,0.860;5.968,8.148,0.925;9.991,7.720,0.433;9.889,6.612,0.836;7.690,4.232,1.018;15.263,4.161,2.496;2.251,15.286,0.353;7.886,1.961,0.660;1.803,7.266,1.137;12.371,18.662,0.427;5.646,9.512,1.181;10.379,6.113,1.739;10.422,5.049,1.950;17.265,6.663,0.227;3.732,14.268,2.411;15.004,10.128,0.741;14.326,17.501,0.790;2.422,10.380,0.852;18.072,11.585,1.339;3.006,5.933,1.173;4.888,5.009,1.004;4.830,9.157,1.301;6.538,6.523,2.339;17.405,0.973,1.204;4.671,13.005,1.042;3.472,10.274,0.277;13.441,16.423,2.079;18.664,1.468,0.752"
1,drone_7,8.0810,12.6678,11.2089,12.1093,"5.849,8.722,1.173;19.131,8.457,0.257;6.312,3.894,0.480;6.153,12.063,1.322;1.100,2.858,0.794;6.039,6.455,1.260;12.099,15.138,0.240;19.569,13.110,0.393;3.416,3.155,1.535;17.910,8.652,1.120;1.594,2.973,1.313;6.753,8.461,0.860;5.968,8.148,0.925;9.991,7.720,0.433;9.889,6.612,0.836;7.690,4.232,1.018;15.263,4.161,2.496;2.251,15.286,0.353;7.886,1.961,0.660;1.803,7.266,1.137;12.371,18.662,0.427;5.646,9.512,1.181;10.379,6.113,1.739;10.422,5.049,1.950;17.265,6.663,0.227;3.732,14.268,2.411;15.004,10.128,0.741;14.326,17.501,0.790;2.422,10.380,0.852;18.072,11.585,1.339;3.006,5.933,1.173;4.888,5.009,1.004;4.830,9.157,1.301;6.538,6.523,2.339;17.405,0.973,1.204;4.671,13.005,1.042;3.472,10.274,0.277;13.441,16.423,2.079;18.664,1.468,0.752"
1,drone_8,10.6205,9.0979,11.2089,12.1093,"5.849,8.722,1.173;19.131,8.457,0.257;6.312,3.894,0.480;6.153,12.063,1.322;1.100,2.858,0.794;6.039,6.455,1.260;12.099,15.138,0.240;19.569,13.110,0.393;3.416,3.155,1.535;17.910,8.652,1.120;1.594,2.973,1.313;6.753,8.461,0.860;5.968,8.148,0.925;9.991,7.720,0.433;9.889,6.612,0.836;7.690,4.232,1.018;15.263,4.161,2.496;2.251,15.286,0.353;7.886,1.961,0.660;1.803,7.266,1.137;12.371,18.662,0.427;5.646,9.512,1.181;10.379,6.113,1.739;10.422,5.049,1.950;17.265,6.663,0.227;3.732,14.268,2.411;15.004,10.128,0.741;14.326,17.501,0.790;2.422,10.380,0.852;18.072,11.585,1.339;3.006,5.933,1.173;4.888,5.009,1.004;4.830,9.157,1.301;6.538,6.523,2.339;17.405,0.973,1.204;4.671,13.005,1.042;3.472,10.274,0.277;13.441,16.423,2.079;18.664,1.468,0.752"
1,drone_9,1.4225,5.6501,11.2089,12.1093,"5.849,8.722,1.173;19.131,8.457,0.257;6.312,3.894,0.480;6.153,12.063,1.322;1.100,2.858,0.794;6.039,6.455,1.260;12.099,15.138,0.240;19.569,13.110,0.393;3.416,3.155,1.535;17.910,8.652,1.120;1.594,2.973,1.313;6.753,8.461,0.860;5.968,8.148,0.925;9.991,7.720,0.433;9.889,6.612,0.836;7.690,4.232,1.018;15.263,4.161,2.496;2.251,15.286,0.353;7.886,1.961,0.660;1.803,7.266,1.137;12.371,18.662,0.427;5.646,9.512,1.181;10.379,6.113,1.739;10.422,5.049,1.950;17.265,6.663,0.227;3.732,14.268,2.411;15.004,10.128,0.741;14.326,17.501,0.790;2.422,10.380,0.852;18.072,11.585,1.339;3.006,5.933,1.173;4.888,5.009,1.004;4.830,9.157,1.301;6.538,6.523,2.339;17.405,0.973,1.204;4.671,13.005,1.042;3.472,10.274,0.277;13.441,16.423,2.079;18.664,1.468,0.752"
2,drone_0,12.7362,10.2346,11.2089,12.1093,"5.849,8.722,1.173;19.131,8.457,0.257;6.312,3.894,0.480;6.153,12.063,1.322;1.100,2.858,0.794;6.039,6.455,1.260;12.099,15.138,0.240;19.569,13.110,0.393;3.416,3.155,1.535;17.910,8.652,1.120;1.594,2.973,1.313;6.753,8.461,0.860;5.968,8.148,0.925;9.991,7.720,0.433;9.889,6.612,0.836;7.690,4.232,1.018;15.263,4.161,2.496;2.251,15.286,0.353;7.886,1.961,0.660;1.803,7.266,1.137;12.371,18.662,0.427;5.646,9.512,1.181;10.379,6.113,1.739;10.422,5.049,1.950;17.265,6.663,0.227;3.732,14.268,2.411;15.004,10.128,0.741;14.326,17.501,0.790;2.422,10.380,0.852;18.072,11.585,1.339;3.006,5.933,1.173;4.888,5.009,1.004;4.830,9.157,1.301;6.538,6.523,2.339;17.405,0.973,1.204;4.671,13.005,1.042;3.472,10.274,0.277;13.441,16.423,2.079;18.664,1.468,0.752"
2,drone_1,17.5842,12.9629,11.2089,12.1093,"5.849,8.722,1.173;19.131,8.457,0.257;6.312,3.894,0.480;6.153,12.063,1.322;1.100,2.858,0.794;6.039,6.455,1.260;12.099,15.138,0.240;19.569,13.110,0.393;3.416,3.155,1.535;17.910,8.652,1.120;1.594,2.973,1.313;6.753,8.461,0.860;5.968,8.148,0.925;9.991,7.720,0.433;9.889,6.612,0.836;7.690,4.232,1.018;15.263,4.161,2.496;2.251,15.286,0.353;7.886,1.961,0.660;1.803,7.266,1.137;12.371,18.662,0.427;5.646,9.512,1.181;10.379,6.113,1.739;10.422,5.049,1.950;17.265,6.663,0.227;3.732,14.268,2.411;15.004,10.128,0.741;14.326,17.501,0.790;2.422,10.380,0.852;18.072,11.585,1.339;3.006,5.933,1.173;4.888,5.009,1.004;4.830,9.157,1.301;6.538,6.523,2.339;17.405,0.973,1.204;4.671,13.005,1.042;3.472,10.274,0.277;13.441,16.423,2.079;18.664,1.468,0.752"
2,drone_2,-100.0000,-100.0000,11.2089,12.1093,"5.849,8.722,1.173;19.131,8.457,0.257;6.312,3.894,0.480;6.153,12.063,1.322;1.100,2.858,0.794;6.039,6.455,1.260;12.099,15.138,0.240;19.569,13.110,0.393;3.416,3.155,1.535;17.910,8.652,1.120;1.594,2.973,1.313;6.753,8.461,0.860;5.968,8.148,0.925;9.991,7.720,0.433;9.889,6.612,0.836;7.690,4.232,1.018;15.263,4.161,2.496;2.251,15.286,0.353;7.886,1.961,0.660;1.803,7.266,1.137;12.371,18.662,0.427;5.646,9.512,1.181;10.379,6.113,1.739;10.422,5.049,1.950;17.265,6.663,0.227;3.732,14.268,2.411;15.004,10.128,0.741;14.326,17.501,0.790;2.422,10.380,0.852;18.072,11.585,1.339;3.006,5.933,1.173;4.888,5.009,1.004;4.830,9.157,1.301;6.538,6.523,2.339;17.405,0.973,1.204;4.671,13.005,1.042;3.472,10.274,0.277;13.441,16.423,2.079;18.664,1.468,0.752"
2,drone_3,12.5947,14.1650,11.2089,12.1093,"5.849,8.722,1.173;19.131,8.457,0.257;6.312,3.894,0.480;6.153,12.063,1.322;1.100,2.858,0.794;6.039,6.455,1.260;12.099,15.138,0.240;19.569,13.110,0.393;3.416,3.155,1.535;17.910,8.652,1.120;1.594,2.973,1.313;6.753,8.461,0.860;5.968,8.148,0.925;9.991,7.720,0.433;9.889,6.612,0.836;7.690,4.232,1.018;15.263,4.161,2.496;2.251,15.286,0.353;7.886,1.961,0.660;1.803,7.266,1.137;12.371,18.662,0.427;5.646,9.512,1.181;10.379,6.113,1.739;10.422,5.049,1.950;17.265,6.663,0.227;3.732,14.268,2.411;15.004,10.128,0.741;14.326,17.501,0.790;2.422,10.380,0.852;18.072,11.585,1.339;3.006,5.933,1.173;4.888,5.009,1.004;4.830,9.157,1.301;6.538,6.523,2.339;17.405,0.973,1.204;4.671,13.005,1.042;3.472,10.274,0.277;13.441,16.423,2.079;18.664,1.468,0.752"
2,drone_4,18.4290,5.2749,11.2089,12.1093,"5.849,8.722,1.173;19.131,8.457,0.257;6.312,3.894,0.480;6.153,12.063,1.322;1.100,2.858,0.794;6.039,6.455,1.260;12.099,15.138,0.240;19.569,13.110,0.393;3.416,3.155,1.535;17.910,8.652,1.120;1.594,2.973,1.313;6.753,8.461,0.860;5.968,8.148,0.925;9.991,7.720,0.433;9.889,6.612,0.836;7.690,4.232,1.018;15.263,4.161,2.496;2.251,15.286,0.353;7.886,1.961,0.660;1.803,7.266,1.137;12.371,18.662,0.427;5.646,9.512,1.181;10.379,6.113,1.739;10.422,5.049,1.950;17.265,6.663,0.227;3.732,14.268,2.411;15.004,10.128,0.741;14.326,17.501,0.790;2.422,10.380,0.852;18.072,11.585,1.339;3.006,5.933,1.173;4.888,5.009,1.004;4.830,9.157,1.301;6.538,6.523,2.339;17.405,0.973,1.204;4.671,13.005,1.042;3.472,10.274,0.277;13.441,16.423,2.079;18.664,1.468,0.752"
2,drone_5,18.8788,5.4558,11.2089,12.1093,"5.849,8.722,1.173;19.131,8.457,0.257;6.312,3.894,0.480;6.153,12.063,1.322;1.100,2.858,0.794;6.039,6.455,1.260;12.099,15.138,0.240;19.569,13.110,0.393;3.416,3.155,1.535;17.910,8.652,1.120;1.594,2.973,1.313;6.753,8.461,0.860;5.968,8.148,0.925;9.991,7.720,0.433;9.889,6.612,0.836;7.690,4.232,1.018;15.263,4.161,2.496;2.251,15.286,0.353;7.886,1.961,0.660;1.803,7.266,1.137;12.371,18.662,0.427;5.646,9.512,1.181;10.379,6.113,1.739;10.422,5.049,1.950;17.265,6.663,0.227;3.732,14.268,2.411;15.004,10.128,0.741;14.326,17.501,0.790;2.422,10.380,0.852;18.072,11.585,1.339;3.006,5.933,1.173;4.888,5.009,1.004;4.830,9.157,1.301;6.538,6.523,2.339;17.405,0.973,1.204;4.671,13.005,1.042;3.472,10.274,0.277;13.441,16.423,2.079;18.664,1.468,0.752"
2,drone_6,12.4868,3.3482,11.2089,12.1093,"5.849,8.722,1.173;19.131,8.457,0.257;6.312,3.894,0.480;6.153,12.063,1.322;1.100,2.858,0.794;6.039,6.455,1.260;12.099,15.138,0.240;19.569,13.110,0.393;3.416,3.155,1.535;17.910,8.652,1.120;1.594,2.973,1.313;6.753,8.461,0.860;5.968,8.148,0.925;9.991,7.720,0.433;9.889,6.612,0.836;7.690,4.232,1.018;15.263,4.161,2.496;2.251,15.286,0.353;7.886,1.961,0.660;1.803,7.266,1.137;12.371,18.662,0.427;5.646,9.512,1.181;10.379,6.113,1.739;10.422,5.049,1.950;17.265,6.663,0.227;3.732,14.268,2.411;15.004,10.128,0.741;14.326,17.501,0.790;2.422,10.380,0.852;18.072,11.585,1.339;3.006,5.933,1.173;4.888,5.009,1.004;4.830,9.157,1.301;6.538,6.523,2.339;17.405,0.973,1.204;4.671,13.005,1.042;3.472,10.274,0.277;13.441,16.423,2.079;18.664,1.468,0.752"
2,drone_7,8.2224,12.5264,11.2089,12.1093,"5.849,8.722,1.173;19.131,8.457,0.257;6.312,3.894,0.480;6.153,12.063,1.322;1.100,2.858,0.794;6.039,6.455,1.260;12.099,15.138,0.240;19.569,13.110,0.393;3.416,3.155,1.535;17.910,8.652,1.120;1.594,2.973,1.313;6.753,8.461,0.860;5.968,8.148,0.925;9.991,7.720,0.433;9.889,6.612,0.836;7.690,4.232,1.018;15.263,4.161,2.496;2.251,15.286,0.353;7.886,1.961,0.660;1.803,7.266,1.137;12.371,18.662,0.427;5.646,9.512,1.181;10.379,6.113,1.739;10.422,5.049,1.950;17.265,6.663,0.227;3.732,14.268,2.411;15.004,10.128,0.741;14.326,17.501,0.790;2.422,10.380,0.852;18.072,11.585,1.339;3.006,5.933,1.173;4.888,5.009,1.004;4.830,9.157,1.301;6.538,6.523,2.339;17.405,0.973,1.204;4.671,13.005,1.042;3.472,10.274,0.277;13.441,16.423,2.079;18.664,1.468,0.752"
2,drone_8,10.7619,8.9565,11.2089,12.1093,"5.849,8.722,1.173;19.131,8.457,0.257;6.312,3.894,0.480;6.153,12.063,1.322;1.100,2.858,0.794;6.039,6.455,1.260;12.099,15.138,0.240;19.569,13.110,0.393;3.416,3.155,1.535;17.910,8.652,1.120;1.594,2.973,1.313;6.753,8.461,0.860;5.968,8.148,0.925;9.991,7.720,0.433;9.889,6.612,0.836;7.690,4.232,1.018;15.263,4.161,2.496;2.251,15.286,0.353;7.886,1.961,0.660;1.803,7.266,1.137;12.371,18.662,0.427;5.646,9.512,1.181;10.379,6.113,1.739;10.422,5.049,1.950;17.265,6.663,0.227;3.732,14.268,2.411;15.004,10.128,0.741;14.326,17.501,0.790;2.422,10.380,0.852;18.072,11.585,1.339;3.006,5.933,1.173;4.888,5.009,1.004;4.830,9.157,1.301;6.538,6.523,2.339;17.405,0.973,1.204;4.671,13.005,1.042;3.472,10.274,0.277;13.441,16.423,2.079;18.664,1.468,0.752"
2,drone_9,1.5640,5.5087,11.2089,12.1093,"5.849,8.722,1.173;19.131,8.457,0.257;6.312,3.894,0.480;6.153,12.063,1.322;1.100,2.858,0.794;6.039,6.455,1.260;12.099,15.138,0.240;19.569,13.110,0.393;3.416,3.155,1.535;17.910,8.652,1.120;1.594,2.973,1.313;6.753,8.461,0.860;5.968,8.148,0.925;9.991,7.720,0.433;9.889,6.612,0.836;7.690,4.232,1.018;15.263,4.161,2.496;2.251,15.286,0.353;7.886,1.961,0.660;1.803,7.266,1.137;12.371,18.662,0.427;5.646,9.512,1.181;10.379,6.113,1.739;10.422,5.049,1.950;17.265,6.663,0.227;3.732,14.268,2.411;15.004,10.128,0.741;14.326,17.501,0.790;2.422,10.380,0.852;18.072,11.585,1.339;3.006,5.933,1.173;4.888,5.009,1.004;4.830,9.157,1.301;6.538,6.523,2.339;17.405,0.973,1.204;4.671,13.005,1.042;3.472,10.274,0.277;13.441,16.423,2.079;18.664,1.468,0.752"
3,drone_0,12.8776,10.0932,11.2089,12.1093,"5.849,8.722,1.173;19.131,8.457,0.257;6.312,3.894,0.480;6.153,12.063,1.322;1.100,2.858,0.794;6.039,6.455,1.260;12.099,15.138,0.240;19.569,13.110,0.393;3.416,3.155,1.535;17.910,8.652,1.120;1.594,2.973,1.313;6.753,8.461,0.860;5.968,8.148,0.925;9.991,7.720,0.433;9.889,6.612,0.836;7.690,4.232,1.018;15.263,4.161,2.496;2.251,15.286,0.353;7.886,1.961,0.660;1.803,7.266,1.137;12.371,18.662,0.427;5.646,9.512,1.181;10.379,6.113,1.739;10.422,5.049,1.950;17.265,6.663,0.227;3.732,14.268,2.411;15.004,10.128,0.741;14.326,17.501,0.790;2.422,10.380,0.852;18.072,11.585,1.339;3.006,5.933,1.173;4.888,5.009,1.004;4.830,9.157,1.301;6.538,6.523,2.339;17.405,0.973,1.204;4.671,13.005,1.042;3.472,10.274,0.277;13.441,16.423,2.079;18.664,1.468,0.752"
3,drone_1,17.7256,12.8214,11.2089,12.1093,"5.849,8.722,1.173;19.131,8.457,0.257;6.312,3.894,0.480;6.153,12.063,1.322;1.100,2.858,0.794;6.039,6.455,1.260;12.099,15.138,0.240;19.569,13.110,0.393;3.416,3.155,1.535;17.910,8.652,1.120;1.594,2.973,1.313;6.753,8.461,0.860;5.968,8.148,0.925;9.991,7.720,0.433;9.889,6.612,0.836;7.690,4.232,1.018;15.263,4.161,2.496;2.251,15.286,0.353;7.886,1.961,0.660;1.803,7.266,1.137;12.371,18.662,0.427;5.646,9.512,1.181;10.379,6.113,1.739;10.422,5.049,1.950;17.265,6.663,0.227;3.732,14.268,2.411;15.004,10.128,0.741;14.326,17.501,0.790;2.422,10.380,0.852;18.072,11.585,1.339;3.006,5.933,1.173;4.888,5.009,1.004;4.830,9.157,1.301;6.538,6.523,2.339;17.405,0.973,1.204;4.671,13.005,1.042;3.472,10.274,0.277;13.441,16.423,2.079;18.664,1.468,0.752"
3,drone_3,-100.0000,-100.0000,11.2089,12.1093,"5.849,8.722,1.173;19.131,8.457,0.257;6.312,3.894,0.480;6.153,12.063,1.322;1.100,2.858,0.794;6.039,6.455,1.260;12.099,15.138,0.240;19.569,13.110,0.393;3.416,3.155,1.535;17.910,8.652,1.120;1.594,2.973,1.313;6.753,8.461,0.860;5.968,8.148,0.925;9.991,7.720,0.433;9.889,6.612,0.836;7.690,4.232,1.018;15.263,4.161,2.496;2.251,15.286,0.353;7.886,1.961,0.660;1.803,7.266,1.137;12.371,18.662,0.427;5.646,9.512,1.181;10.379,6.113,1.739;10.422,5.049,1.950;17.265,6.663,0.227;3.732,14.268,2.411;15.004,10.128,0.741;14.326,17.501,0.790;2.422,10.380,0.852;18.072,11.585,1.339;3.006,5.933,1.173;4.888,5.009,1.004;4.830,9.157,1.301;6.538,6.523,2.339;17.405,0.973,1.204;4.671,13.005,1.042;3.472,10.274,0.277;13.441,16.423,2.079;18.664,1.468,0.752"
3,drone_4,18.5595,5.1444,11.2089,12.1093,"5.849,8.722,1.173;19.131,8.457,0.257;6.312,3.894,0.480;6.153,12.063,1.322;1.100,2.858,0.794;6.039,6.455,1.260;12.099,15.138,0.240;19.569,13.110,0.393;3.416,3.155,1.535;17.910,8.652,1.120;1.594,2.973,1.313;6.753,8.461,0.860;5.968,8.148,0.925;9.991,7.720,0.433;9.889,6.612,0.836;7.690,4.232,1.018;15.263,4.161,2.496;2.251,15.286,0.353;7.886,1.961,0.660;1.803,7.266,1.137;12.371,18.662,0.427;5.646,9.512,1.181;10.379,6.113,1.739;10.422,5.049,1.950;17.265,6.663,0.227;3.732,14.268,2.411;15.004,10.128,0.741;14.326,17.501,0.790;2.422,10.380,0.852;18.072,11.585,1.339;3.006,5.933,1.173;4.888,5.009,1.004;4.830,9.157,1.301;6.538,6.523,2.339;17.405,0.973,1.204;4.671,13.005,1.042;3.472,10.274,0.277;13.441,16.423,2.079;18.664,1.468,0.752"
3,drone_5,19.0093,5.3253,11.2089,12.1093,"5.849,8.722,1.173;19.131,8.457,0.257;6.312,3.894,0.480;6.153,12.063,1.322;1.100,2.858,0.794;6.039,6.455,1.260;12.099,15.138,0.240;19.569,13.110,0.393;3.416,3.155,1.535;17.910,8.652,1.120;1.594,2.973,1.313;6.753,8.461,0.860;5.968,8.148,0.925;9.991,7.720,0.433;9.889,6.612,0.836;7.690,4.232,1.018;15.263,4.161,2.496;2.251,15.286,0.353;7.886,1.961,0.660;1.803,7.266,1.137;12.371,18.662,0.427;5.646,9.512,1.181;10.379,6.113,1.739;10.422,5.049,1.950;17.265,6.663,0.227;3.732,14.268,2.411;15.004,10.128,0.741;14.326,17.501,0.790;2.422,10.380,0.852;18.072,11.585,1.339;3.006,5.933,1.173;4.888,5.009,1.004;4.830,9.157,1.301;6.538,6.523,2.339;17.405,0.973,1.204;4.671,13.005,1.042;3.472,10.274,0.277;13.441,16.423,2.079;18.664,1.468,0.752"
3,drone_6,12.6283,3.2067,11.2089,12.1093,"5.849,8.722,1.173;19.131,8.457,0.257;6.312,3.894,0.480;6.153,12.063,1.322;1.100,2.858,0.794;6.039,6.455,1.260;12.099,15.138,0.240;19.569,13.110,0.393;3.416,3.155,1.535;17.910,8.652,1.120;1.594,2.973,1.313;6.753,8.461,0.860;5.968,8.148,0.925;9.991,7.720,0.433;9.889,6.612,0.836;7.690,4.232,1.018;15.263,4.161,2.496;2.251,15.286,0.353;7.886,1.961,0.660;1.803,7.266,1.137;12.371,18.662,0.427;5.646,9.512,1.181;10.379,6.113,1.739;10.422,5.049,1.950;17.265,6.663,0.227;3.732,14.268,2.411;15.004,10.128,0.741;14.326,17.501,0.790;2.422,10.380,0.852;18.072,11.585,1.339;3.006,5.933,1.173;4.888,5.009,1.004;4.830,9.157,1.301;6.538,6.523,2.339;17.405,0.973,1.204;4.671,13.005,1.042;3.472,10.274,0.277;13.441,16.423,2.079;18.664,1.468,0.752"
3,drone_7,8.3638,12.3850,11.2089,12.1093,"5.849,8.722,1.173;19.131,8.457,0.257;6.312,3.894,0.480;6.153,12.063,1.322;1.100,2.858,0.794;6.039,6.455,1.260;12.099,15.138,0.240;19.569,13.110,0.393;3.416,3.155,1.535;17.910,8.652,1.120;1.594,2.973,1.313;6.753,8.461,0.860;5.968,8.148,0.925;9.991,7.720,0.433;9.889,6.612,0.836;7.690,4.232,1.018;15.263,4.161,2.496;2.251,15.286,0.353;7.886,1.961,0.660;1.803,7.266,1.137;12.371,18.662,0.427;5.646,9.512,1.181;10.379,6.113,1.739;10.422,5.049,1.950;17.265,6.663,0.227;3.732,14.268,2.411;15.004,10.128,0.741;14.326,17.501,0.790;2.422,10.380,0.852;18.072,11.585,1.339;3.006,5.933,1.173;4.888,5.009,1.004;4.830,9.157,1.301;6.538,6.523,2.339;17.405,0.973,1.204;4.671,13.005,1.042;3.472,10.274,0.277;13.441,16.423,2.079;18.664,1.468,0.752"
3,drone_8,10.9033,8.8151,11.2089,12.1093,"5.849,8.722,1.173;19.131,8.457,0.257;6.312,3.894,0.480;6.153,12.063,1.322;1.100,2.858,0.794;6.039,6.455,1.260;12.099,15.138,0.240;19.569,13.110,0.393;3.416,3.155,1.535;17.910,8.652,1.120;1.594,2.973,1.313;6.753,8.461,0.860;5.968,8.148,0.925;9.991,7.720,0.433;9.889,6.612,0.836;7.690,4.232,1.018;15.263,4.161,2.496;2.251,15.286,0.353;7.886,1.961,0.660;1.803,7.266,1.137;12.371,18.662,0.427;5.646,9.512,1.181;10.379,6.113,1.739;10.422,5.049,1.950;17.265,6.663,0.227;3.732,14.268,2.411;15.004,10.128,0.741;14.326,17.501,0.790;2.422,10.380,0.852;18.072,11.585,1.339;3.006,5.933,1.173;4.888,5.009,1.004;4.830,9.157,1.301;6.538,6.523,2.339;17.405,0.973,1.204;4.671,13.005,1.042;3.472,10.274,0.277;13.441,16.423,2.079;18.664,1.468,0.752"
3,drone_9,1.7054,5.3672,11.2089,12.1093,"5.849,8.722,1.173;19.131,8.457,0.257;6.312,3.894,0.480;6.153,12.063,1.322;1.100,2.858,0.794;6.039,6.455,1.260;12.099,15.138,0.240;19.569,13.110,0.393;3.416,3.155,1.535;17.910,8.652,1.120;1.594,2.973,1.313;6.753,8.461,0.860;5.968,8.148,0.925;9.991,7.720,0.433;9.889,6.612,0.836;7.690,4.232,1.018;15.263,4.161,2.496;2.251,15.286,0.353;7.886,1.961,0.660;1.803,7.266,1.137;12.371,18.662,0.427;5.646,9.512,1.181;10.379,6.113,1.739;10.422,5.049,1.950;17.265,6.663,0.227;3.732,14.268,2.411;15.004,10.128,0.741;14.326,17.501,0.790;2.422,10.380,0.852;18.072,11.585,1.339;3.006,5.933,1.173;4.888,5.009,1.004;4.830,9.157,1.301;6.538,6.523,2.339;17.405,0.973,1.204;4.671,13.005,1.042;3.472,10.274,0.277;13.441,16.423,2.079;18.664,1.468,0.752"
4,drone_0,13.0190,9.9517,11.2089,12.1093,"5.849,8.722,1.173;19.131,8.457,0.257;6.312,3.894,0.480;6.153,12.063,1.322;1.100,2.858,0.794;6.039,6.455,1.260;12.099,15.138,0.240;19.569,13.110,0.393;3.416,3.155,1.535;17.910,8.652,1.120;1.594,2.973,1.313;6.753,8.461,0.860;5.968,8.148,0.925;9.991,7.720,0.433;9.889,6.612,0.836;7.690,4.232,1.018;15.263,4.161,2.496;2.251,15.286,0.353;7.886,1.961,0.660;1.803,7.266,1.137;12.371,18.662,0.427;5.646,9.512,1.181;10.379,6.113,1.739;10.422,5.049,1.950;17.265,6.663,0.227;3.732,14.268,2.411;15.004,10.128,0.741;14.326,17.501,0.790;2.422,10.380,0.852;18.072,11.585,1.339;3.006,5.933,1.173;4.888,5.009,1.004;4.830,9.157,1.301;6.538,6.523,2.339;17.405,0.973,1.204;4.671,13.005,1.042;3.472,10.274,0.277;13.441,16.423,2.079;18.664,1.468,0.752"
4,drone_1,17.8670,12.6800,11.2089,12.1093,"5.849,8.722,1.173;19.131,8.457,0.257;6.312,3.894,0.480;6.153,12.063,1.322;1.100,2.858,0.794;6.039,6.455,1.260;12.099,15.138,0.240;19.569,13.110,0.393;3.416,3.155,1.535;17.910,8.652,1.120;1.594,2.973,1.313;6.753,8.461,0.860;5.968,8.148,0.925;9.991,7.720,0.433;9.889,6.612,0.836;7.690,4.232,1.018;15.263,4.161,2.496;2.251,15.286,0.353;7.886,1.961,0.660;1.803,7.266,1.137;12.371,18.662,0.427;5.646,9.512,1.181;10.379,6.113,1.739;10.422,5.049,1.950;17.265,6.663,0.227;3.732,14.268,2.411;15.004,10.128,0.741;14.326,17.501,0.790;2.422,10.380,0.852;18.072,11.585,1.339;3.006,5.933,1.173;4.888,5.009,1.004;4.830,9.157,1.301;6.538,6.523,2.339;17.405,0.973,1.204;4.671,13.005,1.042;3.472,10.274,0.277;13.441,16.423,2.079;18.664,1.468,0.752"
4,drone_4,-100.0000,-100.0000,11.2089,12.1093,"5.849,8.722,1.173;19.131,8.457,0.257;6.312,3.894,0.480;6.153,12.063,1.322;1.100,2.858,0.794;6.039,6.455,1.260;12.099,15.138,0.240;19.569,13.110,0.393;3.416,3.155,1.535;17.910,8.652,1.120;1.594,2.973,1.313;6.753,8.461,0.860;5.968,8.148,0.925;9.991,7.720,0.433;9.889,6.612,0.836;7.690,4.232,1.018;15.263,4.161,2.496;2.251,15.286,0.353;7.886,1.961,0.660;1.803,7.266,1.137;12.371,18.662,0.427;5.646,9.512,1.181;10.379,6.113,1.739;10.422,5.049,1.950;17.265,6.663,0.227;3.732,14.268,2.411;15.004,10.128,0.741;14.326,17.501,0.790;2.422,10.380,0.852;18.072,11.585,1.339;3.006,5.933,1.173;4.888,5.009,1.004;4.830,9.157,1.301;6.538,6.523,2.339;17.405,0.973,1.204;4.671,13.005,1.042;3.472,10.274,0.277;13.441,16.423,2.079;18.664,1.468,0.752"
4,drone_5,19.1399,5.1947,11.2089,12.1093,"5.849,8.722,1.173;19.131,8.457,0.257;6.312,3.894,0.480;6.153,12.063,1.322;1.100,2.858,0.794;6.039,6.455,1.260;12.099,15.138,0.240;19.569,13.110,0.393;3.416,3.155,1.535;17.910,8.652,1.120;1.594,2.973,1.313;6.753,8.461,0.860;5.968,8.148,0.925;9.991,7.720,0.433;9.889,6.612,0.836;7.690,4.232,1.018;15.263,4.161,2.496;2.251,15.286,0.353;7.886,1.961,0.660;1.803,7.266,1.137;12.371,18.662,0.427;5.646,9.512,1.181;10.379,6.113,1.739;10.422,5.049,1.950;17.265,6.663,0.227;3.732,14.268,2.411;15.004,10.128,0.741;14.326,17.501,0.790;2.422,10.380,0.852;18.072,11.585,1.339;3.006,5.933,1.173;4.888,5.009,1.004;4.830,9.157,1.301;6.538,6.523,2.339;17.405,0.973,1.204;4.671,13.005,1.042;3.472,10.274,0.277;13.441,16.423,2.079;18.664,1.468,0.752"
4,drone_6,12.7697,3.0653,11.2089,12.1093,"5.849,8.722,1.173;19.131,8.457,0.257;6.312,3.894,0.480;6.153,12.063,1.322;1.100,2.858,0.794;6.039,6.455,1.260;12.099,15.138,0.240;19.569,13.110,0.393;3.416,3.155,1.535;17.910,8.652,1.120;1.594,2.973,1.313;6.753,8.461,0.860;5.968,8.148,0.925;9.991,7.720,0.433;9.889,6.612,0.836;7.690,4.232,1.018;15.263,4.161,2.496;2.251,15.286,0.353;7.886,1.961,0.660;1.803,7.266,1.137;12.371,18.662,0.427;5.646,9.512,1.181;10.379,6.113,1.739;10.422,5.049,1.950;17.265,6.663,0.227;3.732,14.268,2.411;15.004,10.128,0.741;14.326,17.501,0.790;2.422,10.380,0.852;18.072,11.585,1.339;3.006,5.933,1.173;4.888,5.009,1.004;4.830,9.157,1.301;6.538,6.523,2.339;17.405,0.973,1.204;4.671,13.005,1.042;3.472,10.274,0.277;13.441,16.423,2.079;18.664,1.468,0.752"
4,drone_7,8.5052,12.2436,11.2089,12.1093,"5.849,8.722,1.173;19.131,8.457,0.257;6.312,3.894,0.480;6.153,12.063,1.322;1.100,2.858,0.794;6.039,6.455,1.260;12.099,15.138,0.240;19.569,13.110,0.393;3.416,3.155,1.535;17.910,8.652,1.120;1.594,2.973,1.313;6.753,8.461,0.860;5.968,8.148,0.925;9.991,7.720,0.433;9.889,6.612,0.836;7.690,4.232,1.018;15.263,4.161,2.496;2.251,15.286,0.353;7.886,1.961,0.660;1.803,7.266,1.137;12.371,18.662,0.427;5.646,9.512,1.181;10.379,6.113,1.739;10.422,5.049,1.950;17.265,6.663,0.227;3.732,14.268,2.411;15.004,10.128,0.741;14.326,17.501,0.790;2.422,10.380,0.852;18.072,11.585,1.339;3.006,5.933,1.173;4.888,5.009,1.004;4.830,9.157,1.301;6.538,6.523,2.339;17.405,0.973,1.204;4.671,13.005,1.042;3.472,10.274,0.277;13.441,16.423,2.079;18.664,1.468,0.752"
4,drone_8,11.0448,8.6736,11.2089,12.1093,"5.849,8.722,1.173;19.131,8.457,0.257;6.312,3.894,0.480;6.153,12.063,1.322;1.100,2.858,0.794;6.039,6.455,1.260;12.099,15.138,0.240;19.569,13.110,0.393;3.416,3.155,1.535;17.910,8.652,1.120;1.594,2.973,1.313;6.753,8.461,0.860;5.968,8.148,0.925;9.991,7.720,0.433;9.889,6.612,0.836;7.690,4.232,1.018;15.263,4.161,2.496;2.251,15.286,0.353;7.886,1.961,0.660;1.803,7.266,1.137;12.371,18.662,0.427;5.646,9.512,1.181;10.379,6.113,1.739;10.422,5.049,1.950;17.265,6.663,0.227;3.732,14.268,2.411;15.004,10.128,0.741;14.326,17.501,0.790;2.422,10.380,0.852;18.072,11.585,1.339;3.006,5.933,1.173;4.888,5.009,1.004;4.830,9.157,1.301;6.538,6.523,2.339;17.405,0.973,1.204;4.671,13.005,1.042;3.472,10.274,0.277;13.441,16.423,2.079;18.664,1.468,0.752"
4,drone_9,1.8468,5.2258,11.2089,12.1093,"5.849,8.722,1.173;19.131,8.457,0.257;6.312,3.894,0.480;6.153,12.063,1.322;1.100,2.858,0.794;6.039,6.455,1.260;12.099,15.138,0.240;19.569,13.110,0.393;3.416,3.155,1.535;17.910,8.652,1.120;1.594,2.973,1.313;6.753,8.461,0.860;5.968,8.148,0.925;9.991,7.720,0.433;9.889,6.612,0.836;7.690,4.232,1.018;15.263,4.161,2.496;2.251,15.286,0.353;7.886,1.961,0.660;1.803,7.266,1.137;12.371,18.662,0.427;5.646,9.512,1.181;10.379,6.113,1.739;10.422,5.049,1.950;17.265,6.663,0.227;3.732,14.268,2.411;15.004,10.128,0.741;14.326,17.501,0.790;2.422,10.380,0.852;18.072,11.585,1.339;3.006,5.933,1.173;4.888,5.009,1.004;4.830,9.157,1.301;6.538,6.523,2.339;17.405,0.973,1.204;4.671,13.005,1.042;3.472,10.274,0.277;13.441,16.423,2.079;18.664,1.468,0.752"
5,drone_0,13.1604,9.8103,11.2089,12.1093,"5.849,8.722,1.173;19.131,8.457,0.257;6.312,3.894,0.480;6.153,12.063,1.322;1.100,2.858,0.794;6.039,6.455,1.260;12.099,15.138,0.240;19.569,13.110,0.393;3.416,3.155,1.535;17.910,8.652,1.120;1.594,2.973,1.313;6.753,8.461,0.860;5.968,8.148,0.925;9.991,7.720,0.433;9.889,6.612,0.836;7.690,4.232,1.018;15.263,4.161,2.496;2.251,15.286,0.353;7.886,1.961,0.660;1.803,7.266,1.137;12.371,18.662,0.427;5.646,9.512,1.181;10.379,6.113,1.739;10.422,5.049,1.950;17.265,6.663,0.227;3.732,14.268,2.411;15.004,10.128,0.741;14.326,17.501,0.790;2.422,10.380,0.852;18.072,11.585,1.339;3.006,5.933,1.173;4.888,5.009,1.004;4.830,9.157,1.301;6.538,6.523,2.339;17.405,0.973,1.204;4.671,13.005,1.042;3.472,10.274,0.277;13.441,16.423,2.079;18.664,1.468,0.752"
5,drone_1,18.0084,12.5386,11.2089,12.1093,"5.849,8.722,1.173;19.131,8.457,0.257;6.312,3.894,0.480;6.153,12.063,1.322;1.100,2.858,0.794;6.039,6.455,1.260;12.099,15.138,0.240;19.569,13.110,0.393;3.416,3.155,1.535;17.910,8.652,1.120;1.594,2.973,1.313;6.753,8.461,0.860;5.968,8.148,0.925;9.991,7.720,0.433;9.889,6.612,0.836;7.690,4.232,1.018;15.263,4.161,2.496;2.251,15.286,0.353;7.886,1.961,0.660;1.803,7.266,1.137;12.371,18.662,0.427;5.646,9.512,1.181;10.379,6.113,1.739;10.422,5.049,1.950;17.265,6.663,0.227;3.732,14.268,2.411;15.004,10.128,0.741;14.326,17.501,0.790;2.422,10.380,0.852;18.072,11.585,1.339;3.006,5.933,1.173;4.888,5.009,1.004;4.830,9.157,1.301;6.538,6.523,2.339;17.405,0.973,1.204;4.671,13.005,1.042;3.472,10.274,0.277;13.441,16.423,2.079;18.664,1.468,0.752"
5,drone_5,-100.0000,-100.0000,11.2089,12.1093,"5.849,8.722,1.173;19.131,8.457,0.257;6.312,3.894,0.480;6.153,12.063,1.322;1.100,2.858,0.794;6.039,6.455,1.260;12.099,15.138,0.240;19.569,13.110,0.393;3.416,3.155,1.535;17.910,8.652,1.120;1.594,2.973,1.313;6.753,8.461,0.860;5.968,8.148,0.925;9.991,7.720,0.433;9.889,6.612,0.836;7.690,4.232,1.018;15.263,4.161,2.496;2.251,15.286,0.353;7.886,1.961,0.660;1.803,7.266,1.137;12.371,18.662,0.427;5.646,9.512,1.181;10.379,6.113,1.739;10.422,5.049,1.950;17.265,6.663,0.227;3.732,14.268,2.411;15.004,10.128,0.741;14.326,17.501,0.790;2.422,10.380,0.852;18.072,11.585,1.339;3.006,5.933,1.173;4.888,5.009,1.004;4.830,9.157,1.301;6.538,6.523,2.339;17.405,0.973,1.204;4.671,13.005,1.042;3.472,10.274,0.277;13.441,16.423,2.079;18.664,1.468,0.752"
5,drone_6,12.9111,2.9239,11.2089,12.1093,"5.849,8.722,1.173;19.131,8.457,0.257;6.312,3.894,0.480;6.153,12.063,1.322;1.100,2.858,0.794;6.039,6.455,1.260;12.099,15.138,0.240;19.569,13.110,0.393;3.416,3.155,1.535;17.910,8.652,1.120;1.594,2.973,1.313;6.753,8.461,0.860;5.968,8.148,0.925;9.991,7.720,0.433;9.889,6.612,0.836;7.690,4.232,1.018;15.263,4.161,2.496;2.251,15.286,0.353;7.886,1.961,0.660;1.803,7.266,1.137;12.371,18.662,0.427;5.646,9.512,1.181;10.379,6.113,1.739;10.422,5.049,1.950;17.265,6.663,0.227;3.732,14.268,2.411;15.004,10.128,0.741;14.326,17.501,0.790;2.422,10.380,0.852;18.072,11.585,1.339;3.006,5.933,1.173;4.888,5.009,1.004;4.830,9.157,1.301;6.538,6.523,2.339;17.405,0.973,1.204;4.671,13.005,1.042;3.472,10.274,0.277;13.441,16.423,2.079;18.664,1.468,0.752"
5,drone_7,8.6466,12.1022,11.2089,12.1093,"5.849,8.722,1.173;19.131,8.457,0.257;6.312,3.894,0.480;6.153,12.063,1.322;1.100,2.858,0.794;6.039,6.455,1.260;12.099,15.138,0.240;19.569,13.110,0.393;3.416,3.155,1.535;17.910,8.652,1.120;1.594,2.973,1.313;6.753,8.461,0.860;5.968,8.148,0.925;9.991,7.720,0.433;9.889,6.612,0.836;7.690,4.232,1.018;15.263,4.161,2.496;2.251,15.286,0.353;7.886,1.961,0.660;1.803,7.266,1.137;12.371,18.662,0.427;5.646,9.512,1.181;10.379,6.113,1.739;10.422,5.049,1.950;17.265,6.663,0.227;3.732,14.268,2.411;15.004,10.128,0.741;14.326,17.501,0.790;2.422,10.380,0.852;18.072,11.585,1.339;3.006,5.933,1.173;4.888,5.009,1.004;4.830,9.157,1.301;6.538,6.523,2.339;17.405,0.973,1.204;4.671,13.005,1.042;3.472,10.274,0.277;13.441,16.423,2.079;18.664,1.468,0.752"
5,drone_8,11.1862,8.5322,11.2089,12.1093,"5.849,8.722,1.173;19.131,8.457,0.257;6.312,3.894,0.480;6.153,12.063,1.322;1.100,2.858,0.794;6.039,6.455,1.260;12.099,15.138,0.240;19.569,13.110,0.393;3.416,3.155,1.535;17.910,8.652,1.120;1.594,2.973,1.313;6.753,8.461,0.860;5.968,8.148,0.925;9.991,7.720,0.433;9.889,6.612,0.836;7.690,4.232,1.018;15.263,4.161,2.496;2.251,15.286,0.353;7.886,1.961,0.660;1.803,7.266,1.137;12.371,18.662,0.427;5.646,9.512,1.181;10.379,6.113,1.739;10.422,5.049,1.950;17.265,6.663,0.227;3.732,14.268,2.411;15.004,10.128,0.741;14.326,17.501,0.790;2.422,10.380,0.852;18.072,11.585,1.339;3.006,5.933,1.173;4.888,5.009,1.004;4.830,9.157,1.301;6.538,6.523,2.339;17.405,0.973,1.204;4.671,13.005,1.042;3.472,10.274,0.277;13.441,16.423,2.079;18.664,1.468,0.752"
5,drone_9,1.9882,5.0844,11.2089,12.1093,"5.849,8.722,1.173;19.131,8.457,0.257;6.312,3.894,0.480;6.153,12.063,1.322;1.100,2.858,0.794;6.039,6.455,1.260;12.099,15.138,0.240;19.569,13.110,0.393;3.416,3.155,1.535;17.910,8.652,1.120;1.594,2.973,1.313;6.753,8.461,0.860;5.968,8.148,0.925;9.991,7.720,0.433;9.889,6.612,0.836;7.690,4.232,1.018;15.263,4.161,2.496;2.251,15.286,0.353;7.886,1.961,0.660;1.803,7.266,1.137;12.371,18.662,0.427;5.646,9.512,1.181;10.379,6.113,1.739;10.422,5.049,1.950;17.265,6.663,0.227;3.732,14.268,2.411;15.004,10.128,0.741;14.326,17.501,0.790;2.422,10.380,0.852;18.072,11.585,1.339;3.006,5.933,1.173;4.888,5.009,1.004;4.830,9.157,1.301;6.538,6.523,2.339;17.405,0.973,1.204;4.671,13.005,1.042;3.472,10.274,0.277;13.441,16.423,2.079;18.664,1.468,0.752"
6,drone_0,-100.0000,-100.0000,11.2089,12.1093,"5.849,8.722,1.173;19.131,8.457,0.257;6.312,3.894,0.480;6.153,12.063,1.322;1.100,2.858,0.794;6.039,6.455,1.260;12.099,15.138,0.240;19.569,13.110,0.393;3.416,3.155,1.535;17.910,8.652,1.120;1.594,2.973,1.313;6.753,8.461,0.860;5.968,8.148,0.925;9.991,7.720,0.433;9.889,6.612,0.836;7.690,4.232,1.018;15.263,4.161,2.496;2.251,15.286,0.353;7.886,1.961,0.660;1.803,7.266,1.137;12.371,18.662,0.427;5.646,9.512,1.181;10.379,6.113,1.739;10.422,5.049,1.950;17.265,6.663,0.227;3.732,14.268,2.411;15.004,10.128,0.741;14.326,17.501,0.790;2.422,10.380,0.852;18.072,11.585,1.339;3.006,5.933,1.173;4.888,5.009,1.004;4.830,9.157,1.301;6.538,6.523,2.339;17.405,0.973,1.204;4.671,13.005,1.042;3.472,10.274,0.277;13.441,16.423,2.079;18.664,1.468,0.752"
6,drone_1,18.1499,12.3972,11.2089,12.1093,"5.849,8.722,1.173;19.131,8.457,0.257;6.312,3.894,0.480;6.153,12.063,1.322;1.100,2.858,0.794;6.039,6.455,1.260;12.099,15.138,0.240;19.569,13.110,0.393;3.416,3.155,1.535;17.910,8.652,1.120;1.594,2.973,1.313;6.753,8.461,0.860;5.968,8.148,0.925;9.991,7.720,0.433;9.889,6.612,0.836;7.690,4.232,1.018;15.263,4.161,2.496;2.251,15.286,0.353;7.886,1.961,0.660;1.803,7.266,1.137;12.371,18.662,0.427;5.646,9.512,1.181;10.379,6.113,1.739;10.422,5.049,1.950;17.265,6.663,0.227;3.732,14.268,2.411;15.004,10.128,0.741;14.326,17.501,0.790;2.422,10.380,0.852;18.072,11.585,1.339;3.006,5.933,1.173;4.888,5.009,1.004;4.830,9.157,1.301;6.538,6.523,2.339;17.405,0.973,1.204;4.671,13.005,1.042;3.472,10.274,0.277;13.441,16.423,2.079;18.664,1.468,0.752"
6,drone_6,-100.0000,-100.0000,11.2089,12.1093,"5.849,8.722,1.173;19.131,8.457,0.257;6.312,3.894,0.480;6.153,12.063,1.322;1.100,2.858,0.794;6.039,6.455,1.260;12.099,15.138,0.240;19.569,13.110,0.393;3.416,3.155,1.535;17.910,8.652,1.120;1.594,2.973,1.313;6.753,8.461,0.860;5.968,8.148,0.925;9.991,7.720,0.433;9.889,6.612,0.836;7.690,4.232,1.018;15.263,4.161,2.496;2.251,15.286,0.353;7.886,1.961,0.660;1.803,7.266,1.137;12.371,18.662,0.427;5.646,9.512,1.181;10.379,6.113,1.739;10.422,5.049,1.950;17.265,6.663,0.227;3.732,14.268,2.411;15.004,10.128,0.741;14.326,17.501,0.790;2.422,10.380,0.852;18.072,11.585,1.339;3.006,5.933,1.173;4.888,5.009,1.004;4.830,9.157,1.301;6.538,6.523,2.339;17.405,0.973,1.204;4.671,13.005,1.042;3.472,10.274,0.277;13.441,16.423,2.079;18.664,1.468,0.752"
6,drone_7,-100.0000,-100.0000,11.2089,12.1093,"5.849,8.722,1.173;19.131,8.457,0.257;6.312,3.894,0.480;6.153,12.063,1.322;1.100,2.858,0.794;6.039,6.455,1.260;12.099,15.138,0.240;19.569,13.110,0.393;3.416,3.155,1.535;17.910,8.652,1.120;1.594,2.973,1.313;6.753,8.461,0.860;5.968,8.148,0.925;9.991,7.720,0.433;9.889,6.612,0.836;7.690,4.232,1.018;15.263,4.161,2.496;2.251,15.286,0.353;7.886,1.961,0.660;1.803,7.266,1.137;12.371,18.662,0.427;5.646,9.512,1.181;10.379,6.113,1.739;10.422,5.049,1.950;17.265,6.663,0.227;3.732,14.268,2.411;15.004,10.128,0.741;14.326,17.501,0.790;2.422,10.380,0.852;18.072,11.585,1.339;3.006,5.933,1.173;4.888,5.009,1.004;4.830,9.157,1.301;6.538,6.523,2.339;17.405,0.973,1.204;4.671,13.005,1.042;3.472,10.274,0.277;13.441,16.423,2.079;18.664,1.468,0.752"
6,drone_8,11.3276,8.3908,11.2089,12.1093,"5.849,8.722,1.173;19.131,8.457,0.257;6.312,3.894,0.480;6.153,12.063,1.322;1.100,2.858,0.794;6.039,6.455,1.260;12.099,15.138,0.240;19.569,13.110,0.393;3.416,3.155,1.535;17.910,8.652,1.120;1.594,2.973,1.313;6.753,8.461,0.860;5.968,8.148,0.925;9.991,7.720,0.433;9.889,6.612,0.836;7.690,4.232,1.018;15.263,4.161,2.496;2.251,15.286,0.353;7.886,1.961,0.660;1.803,7.266,1.137;12.371,18.662,0.427;5.646,9.512,1.181;10.379,6.113,1.739;10.422,5.049,1.950;17.265,6.663,0.227;3.732,14.268,2.411;15.004,10.128,0.741;14.326,17.501,0.790;2.422,10.380,0.852;18.072,11.585,1.339;3.006,5.933,1.173;4.888,5.009,1.004;4.830,9.157,1.301;6.538,6.523,2.339;17.405,0.973,1.204;4.671,13.005,1.042;3.472,10.274,0.277;13.441,16.423,2.079;18.664,1.468,0.752"
6,drone_9,2.1296,4.9430,11.2089,12.1093,"5.849,8.722,1.173;19.131,8.457,0.257;6.312,3.894,0.480;6.153,12.063,1.322;1.100,2.858,0.794;6.039,6.455,1.260;12.099,15.138,0.240;19.569,13.110,0.393;3.416,3.155,1.535;17.910,8.652,1.120;1.594,2.973,1.313;6.753,8.461,0.860;5.968,8.148,0.925;9.991,7.720,0.433;9.889,6.612,0.836;7.690,4.232,1.018;15.263,4.161,2.496;2.251,15.286,0.353;7.886,1.961,0.660;1.803,7.266,1.137;12.371,18.662,0.427;5.646,9.512,1.181;10.379,6.113,1.739;10.422,5.049,1.950;17.265,6.663,0.227;3.732,14.268,2.411;15.004,10.128,0.741;14.326,17.501,0.790;2.422,10.380,0.852;18.072,11.585,1.339;3.006,5.933,1.173;4.888,5.009,1.004;4.830,9.157,1.301;6.538,6.523,2.339;17.405,0.973,1.204;4.671,13.005,1.042;3.472,10.274,0.277;13.441,16.423,2.079;18.664,1.468,0.752"
7,drone_1,18.2913,12.2557,11.2089,12.1093,"5.849,8.722,1.173;19.131,8.457,0.257;6.312,3.894,0.480;6.153,12.063,1.322;1.100,2.858,0.794;6.039,6.455,1.260;12.099,15.138,0.240;19.569,13.110,0.393;3.416,3.155,1.535;17.910,8.652,1.120;1.594,2.973,1.313;6.753,8.461,0.860;5.968,8.148,0.925;9.991,7.720,0.433;9.889,6.612,0.836;7.690,4.232,1.018;15.263,4.161,2.496;2.251,15.286,0.353;7.886,1.961,0.660;1.803,7.266,1.137;12.371,18.662,0.427;5.646,9.512,1.181;10.379,6.113,1.739;10.422,5.049,1.950;17.265,6.663,0.227;3.732,14.268,2.411;15.004,10.128,0.741;14.326,17.501,0.790;2.422,10.380,0.852;18.072,11.585,1.339;3.006,5.933,1.173;4.888,5.009,1.004;4.830,9.157,1.301;6.538,6.523,2.339;17.405,0.973,1.204;4.671,13.005,1.042;3.472,10.274,0.277;13.441,16.423,2.079;18.664,1.468,0.752"
7,drone_8,-100.0000,-100.0000,11.2089,12.1093,"5.849,8.722,1.173;19.131,8.457,0.257;6.312,3.894,0.480;6.153,12.063,1.322;1.100,2.858,0.794;6.039,6.455,1.260;12.099,15.138,0.240;19.569,13.110,0.393;3.416,3.155,1.535;17.910,8.652,1.120;1.594,2.973,1.313;6.753,8.461,0.860;5.968,8.148,0.925;9.991,7.720,0.433;9.889,6.612,0.836;7.690,4.232,1.018;15.263,4.161,2.496;2.251,15.286,0.353;7.886,1.961,0.660;1.803,7.266,1.137;12.371,18.662,0.427;5.646,9.512,1.181;10.379,6.113,1.739;10.422,5.049,1.950;17.265,6.663,0.227;3.732,14.268,2.411;15.004,10.128,0.741;14.326,17.501,0.790;2.422,10.380,0.852;18.072,11.585,1.339;3.006,5.933,1.173;4.888,5.009,1.004;4.830,9.157,1.301;6.538,6.523,2.339;17.405,0.973,1.204;4.671,13.005,1.042;3.472,10.274,0.277;13.441,16.423,2.079;18.664,1.468,0.752"
7,drone_9,2.2711,4.8015,11.2089,12.1093,"5.849,8.722,1.173;19.131,8.457,0.257;6.312,3.894,0.480;6.153,12.063,1.322;1.100,2.858,0.794;6.039,6.455,1.260;12.099,15.138,0.240;19.569,13.110,0.393;3.416,3.155,1.535;17.910,8.652,1.120;1.594,2.973,1.313;6.753,8.461,0.860;5.968,8.148,0.925;9.991,7.720,0.433;9.889,6.612,0.836;7.690,4.232,1.018;15.263,4.161,2.496;2.251,15.286,0.353;7.886,1.961,0.660;1.803,7.266,1.137;12.371,18.662,0.427;5.646,9.512,1.181;10.379,6.113,1.739;10.422,5.049,1.950;17.265,6.663,0.227;3.732,14.268,2.411;15.004,10.128,0.741;14.326,17.501,0.790;2.422,10.380,0.852;18.072,11.585,1.339;3.006,5.933,1.173;4.888,5.009,1.004;4.830,9.157,1.301;6.538,6.523,2.339;17.405,0.973,1.204;4.671,13.005,1.042;3.472,10.274,0.277;13.441,16.423,2.079;18.664,1.468,0.752"
8,drone_1,18.4327,12.1143,11.2089,12.1093,"5.849,8.722,1.173;19.131,8.457,0.257;6.312,3.894,0.480;6.153,12.063,1.322;1.100,2.858,0.794;6.039,6.455,1.260;12.099,15.138,0.240;19.569,13.110,0.393;3.416,3.155,1.535;17.910,8.652,1.120;1.594,2.973,1.313;6.753,8.461,0.860;5.968,8.148,0.925;9.991,7.720,0.433;9.889,6.612,0.836;7.690,4.232,1.018;15.263,4.161,2.496;2.251,15.286,0.353;7.886,1.961,0.660;1.803,7.266,1.137;12.371,18.662,0.427;5.646,9.512,1.181;10.379,6.113,1.739;10.422,5.049,1.950;17.265,6.663,0.227;3.732,14.268,2.411;15.004,10.128,0.741;14.326,17.501,0.790;2.422,10.380,0.852;18.072,11.585,1.339;3.006,5.933,1.173;4.888,5.009,1.004;4.830,9.157,1.301;6.538,6.523,2.339;17.405,0.973,1.204;4.671,13.005,1.042;3.472,10.274,0.277;13.441,16.423,2.079;18.664,1.468,0.752"
8,drone_9,-100.0000,-100.0000,11.2089,12.1093,"5.849,8.722,1.173;19.131,8.457,0.257;6.312,3.894,0.480;6.153,12.063,1.322;1.100,2.858,0.794;6.039,6.455,1.260;12.099,15.138,0.240;19.569,13.110,0.393;3.416,3.155,1.535;17.910,8.652,1.120;1.594,2.973,1.313;6.753,8.461,0.860;5.968,8.148,0.925;9.991,7.720,0.433;9.889,6.612,0.836;7.690,4.232,1.018;15.263,4.161,2.496;2.251,15.286,0.353;7.886,1.961,0.660;1.803,7.266,1.137;12.371,18.662,0.427;5.646,9.512,1.181;10.379,6.113,1.739;10.422,5.049,1.950;17.265,6.663,0.227;3.732,14.268,2.411;15.004,10.128,0.741;14.326,17.501,0.790;2.422,10.380,0.852;18.072,11.585,1.339;3.006,5.933,1.173;4.888,5.009,1.004;4.830,9.157,1.301;6.538,6.523,2.339;17.405,0.973,1.204;4.671,13.005,1.042;3.472,10.274,0.277;13.441,16.423,2.079;18.664,1.468,0.752"
